-- MySQL dump 10.13  Distrib 5.5.37, for debian-linux-gnu (x86_64)
--
-- Host: localhost    Database: hera_development
-- ------------------------------------------------------
-- Server version	5.5.37-0ubuntu0.12.04.1

/*!40101 SET @OLD_CHARACTER_SET_CLIENT=@@CHARACTER_SET_CLIENT */;
/*!40101 SET @OLD_CHARACTER_SET_RESULTS=@@CHARACTER_SET_RESULTS */;
/*!40101 SET @OLD_COLLATION_CONNECTION=@@COLLATION_CONNECTION */;
/*!40101 SET NAMES utf8 */;
/*!40103 SET @OLD_TIME_ZONE=@@TIME_ZONE */;
/*!40103 SET TIME_ZONE='+00:00' */;
/*!40014 SET @OLD_UNIQUE_CHECKS=@@UNIQUE_CHECKS, UNIQUE_CHECKS=0 */;
/*!40014 SET @OLD_FOREIGN_KEY_CHECKS=@@FOREIGN_KEY_CHECKS, FOREIGN_KEY_CHECKS=0 */;
/*!40101 SET @OLD_SQL_MODE=@@SQL_MODE, SQL_MODE='NO_AUTO_VALUE_ON_ZERO' */;
/*!40111 SET @OLD_SQL_NOTES=@@SQL_NOTES, SQL_NOTES=0 */;

--
-- Table structure for table `answers`
--

DROP TABLE IF EXISTS `answers`;
/*!40101 SET @saved_cs_client     = @@character_set_client */;
/*!40101 SET character_set_client = utf8 */;
CREATE TABLE `answers` (
  `id` int(11) NOT NULL AUTO_INCREMENT,
  `is_ok` int(11) DEFAULT NULL,
  `created_at` datetime DEFAULT NULL,
  `updated_at` datetime DEFAULT NULL,
  `inspection_id` int(11) DEFAULT NULL,
  `checklist_item_id` int(11) DEFAULT NULL,
  `comment` varchar(255) COLLATE utf8_unicode_ci DEFAULT NULL,
  PRIMARY KEY (`id`)
) ENGINE=InnoDB AUTO_INCREMENT=416 DEFAULT CHARSET=utf8 COLLATE=utf8_unicode_ci;
/*!40101 SET character_set_client = @saved_cs_client */;

--
-- Dumping data for table `answers`
--

LOCK TABLES `answers` WRITE;
/*!40000 ALTER TABLE `answers` DISABLE KEYS */;
INSERT INTO `answers` VALUES (1,0,'2014-06-24 17:01:35','2014-06-24 17:01:35',1,73,''),(2,1,'2014-06-24 17:01:35','2014-06-24 17:01:35',1,74,''),(3,1,'2014-06-24 17:01:35','2014-06-24 17:01:35',1,75,'O elevador possui dimensões de 0,7m x 1,4m.'),(4,2,'2014-06-24 17:01:35','2014-06-24 17:01:35',1,76,''),(5,0,'2014-06-24 17:01:35','2014-06-24 17:01:35',1,77,''),(6,0,'2014-06-24 17:01:35','2014-06-24 17:01:35',1,78,''),(7,0,'2014-06-24 17:01:35','2014-06-24 17:01:35',1,79,''),(8,0,'2014-06-24 17:01:36','2014-06-24 17:01:36',1,80,''),(9,0,'2014-06-24 17:01:36','2014-06-24 17:01:36',1,81,''),(10,1,'2014-06-24 17:01:36','2014-06-24 17:01:36',1,82,'Não possui registro audível.'),(11,1,'2014-06-24 17:01:36','2014-06-24 17:01:36',1,83,''),(12,1,'2014-06-24 17:01:36','2014-06-24 17:01:36',1,84,''),(13,1,'2014-06-24 17:01:36','2014-06-24 17:01:36',1,85,''),(14,0,'2014-06-24 17:01:36','2014-06-24 17:01:36',1,86,''),(15,0,'2014-07-14 15:14:58','2014-07-14 15:14:58',3,144,''),(16,0,'2014-07-14 15:14:58','2014-07-14 15:14:58',3,145,''),(17,1,'2014-07-14 15:14:58','2014-07-14 15:14:58',3,146,'Os mictórios são separados por divisórias.'),(18,2,'2014-07-14 15:14:58','2014-07-14 15:14:58',3,147,''),(19,0,'2014-07-14 15:14:58','2014-07-14 15:14:58',3,148,''),(20,0,'2014-07-14 15:28:46','2014-07-14 15:28:46',4,136,''),(21,0,'2014-07-14 15:28:46','2014-07-14 15:28:46',4,137,''),(22,0,'2014-07-14 15:28:46','2014-07-14 15:28:46',4,138,''),(23,0,'2014-07-14 15:28:46','2014-07-14 15:28:46',4,139,''),(24,0,'2014-07-14 15:28:46','2014-07-14 15:28:46',4,140,''),(25,0,'2014-07-14 15:28:46','2014-07-14 15:28:46',4,141,''),(26,0,'2014-07-14 15:28:46','2014-07-14 15:28:46',4,142,''),(27,0,'2014-07-14 15:28:46','2014-07-14 15:28:46',4,143,''),(28,1,'2014-07-14 15:45:40','2014-07-14 15:48:18',5,128,'O equipamento está com assento quebrado e o tipo de bacia está incorreto, pois é do tipo hospitalar.'),(29,0,'2014-07-14 15:45:40','2014-07-14 15:45:40',5,129,''),(30,1,'2014-07-14 15:45:40','2014-07-14 15:45:40',5,130,'Possuem 0,44m de altura.'),(31,0,'2014-07-14 15:45:40','2014-07-14 15:45:40',5,131,''),(32,0,'2014-07-14 15:45:40','2014-07-14 15:45:40',5,132,''),(33,0,'2014-07-14 15:45:40','2014-07-14 15:45:40',5,133,''),(34,0,'2014-07-14 15:45:40','2014-07-14 15:45:40',5,134,''),(35,0,'2014-07-14 15:45:40','2014-07-14 15:45:40',5,135,''),(36,0,'2014-07-14 16:02:13','2014-07-14 16:02:13',6,119,''),(37,1,'2014-07-14 16:02:13','2014-07-14 16:02:13',6,120,''),(38,0,'2014-07-14 16:02:13','2014-07-14 16:02:13',6,121,''),(39,0,'2014-07-14 16:02:13','2014-07-14 16:02:13',6,122,''),(40,0,'2014-07-14 16:02:13','2014-07-14 16:02:13',6,123,''),(41,0,'2014-07-14 16:02:13','2014-07-14 16:02:13',6,124,''),(42,2,'2014-07-14 16:02:13','2014-07-14 16:02:13',6,125,''),(43,2,'2014-07-14 16:02:13','2014-07-14 16:02:13',6,126,''),(44,2,'2014-07-14 16:02:13','2014-07-14 16:02:13',6,127,''),(45,1,'2014-07-14 16:59:06','2014-07-14 16:59:06',7,58,'Os relevos tronco-cônicos estão desgastados.'),(46,0,'2014-07-14 16:59:06','2014-07-14 16:59:06',7,59,''),(47,0,'2014-07-14 16:59:06','2014-07-14 16:59:06',7,60,''),(48,0,'2014-07-14 16:59:06','2014-07-14 16:59:06',7,61,''),(49,0,'2014-07-14 16:59:06','2014-07-14 16:59:06',7,62,''),(50,2,'2014-07-14 16:59:06','2014-07-14 16:59:06',7,63,''),(51,0,'2014-07-14 16:59:06','2014-07-14 16:59:06',7,64,''),(52,0,'2014-07-14 16:59:06','2014-07-14 16:59:06',7,65,''),(53,0,'2014-07-14 16:59:06','2014-07-14 16:59:06',7,66,''),(54,1,'2014-07-14 16:59:06','2014-07-14 16:59:06',7,67,''),(55,2,'2014-07-14 16:59:06','2014-07-14 16:59:06',7,68,'A escada não possui mais de 2,40m de largura.'),(56,0,'2014-07-14 16:59:06','2014-07-14 16:59:06',7,69,''),(57,0,'2014-07-14 16:59:06','2014-07-14 16:59:06',7,70,''),(58,0,'2014-07-14 16:59:06','2014-07-14 16:59:06',7,71,''),(59,0,'2014-07-14 16:59:06','2014-07-14 16:59:06',7,72,''),(60,0,'2014-07-14 17:14:29','2014-07-14 17:14:29',8,58,''),(61,0,'2014-07-14 17:14:29','2014-07-14 17:14:29',8,59,''),(62,0,'2014-07-14 17:14:29','2014-07-14 17:14:29',8,60,''),(63,1,'2014-07-14 17:14:29','2014-07-14 17:14:29',8,61,''),(64,2,'2014-07-14 17:14:29','2014-07-14 17:14:29',8,62,''),(65,2,'2014-07-14 17:14:29','2014-07-14 17:14:29',8,63,''),(66,2,'2014-07-14 17:14:29','2014-07-14 17:14:29',8,64,''),(67,0,'2014-07-14 17:14:29','2014-07-14 17:14:29',8,65,''),(68,0,'2014-07-14 17:14:29','2014-07-14 17:14:29',8,66,''),(69,1,'2014-07-14 17:14:29','2014-07-14 17:14:29',8,67,''),(70,2,'2014-07-14 17:14:29','2014-07-14 17:14:29',8,68,''),(71,0,'2014-07-14 17:14:29','2014-07-14 17:14:29',8,69,''),(72,0,'2014-07-14 17:14:29','2014-07-14 17:14:29',8,70,''),(73,0,'2014-07-14 17:14:29','2014-07-14 17:14:29',8,71,''),(74,0,'2014-07-14 17:14:29','2014-07-14 17:14:29',8,72,''),(75,0,'2014-07-14 17:52:05','2014-07-14 17:52:05',9,58,''),(76,0,'2014-07-14 17:52:05','2014-07-14 17:52:05',9,59,''),(77,2,'2014-07-14 17:52:05','2014-07-14 17:52:05',9,60,''),(78,0,'2014-07-14 17:52:05','2014-07-14 17:52:05',9,61,''),(79,0,'2014-07-14 17:52:05','2014-07-14 17:52:05',9,62,''),(80,0,'2014-07-14 17:52:05','2014-07-14 17:52:05',9,63,''),(81,0,'2014-07-14 17:52:05','2014-07-14 17:52:05',9,64,''),(82,0,'2014-07-14 17:52:05','2014-07-14 17:52:05',9,65,''),(83,0,'2014-07-14 17:52:05','2014-07-14 17:52:05',9,66,''),(84,1,'2014-07-14 17:52:05','2014-07-14 17:52:05',9,67,''),(85,2,'2014-07-14 17:52:05','2014-07-14 17:52:05',9,68,''),(86,0,'2014-07-14 17:52:05','2014-07-14 17:52:05',9,69,''),(87,0,'2014-07-14 17:52:05','2014-07-14 17:52:05',9,70,''),(88,0,'2014-07-14 17:52:05','2014-07-14 17:52:05',9,71,''),(89,1,'2014-07-14 17:52:05','2014-07-14 17:52:05',9,72,''),(90,0,'2014-07-14 18:48:09','2014-07-14 18:48:09',10,58,''),(91,0,'2014-07-14 18:48:09','2014-07-14 18:48:09',10,59,''),(92,2,'2014-07-14 18:48:09','2014-07-14 18:48:09',10,60,''),(93,0,'2014-07-14 18:48:09','2014-07-14 18:48:09',10,61,''),(94,0,'2014-07-14 18:48:09','2014-07-14 18:48:09',10,62,''),(95,0,'2014-07-14 18:48:09','2014-07-14 18:48:09',10,63,''),(96,0,'2014-07-14 18:48:09','2014-07-14 18:48:09',10,64,''),(97,0,'2014-07-14 18:48:09','2014-07-14 18:48:09',10,65,''),(98,0,'2014-07-14 18:48:09','2014-07-14 18:48:09',10,66,''),(99,1,'2014-07-14 18:48:09','2014-07-14 18:48:09',10,67,''),(100,2,'2014-07-14 18:48:09','2014-07-14 18:48:09',10,68,''),(101,0,'2014-07-14 18:48:09','2014-07-14 18:48:09',10,69,''),(102,0,'2014-07-14 18:48:09','2014-07-14 18:48:09',10,70,''),(103,0,'2014-07-14 18:48:09','2014-07-14 18:48:09',10,71,''),(104,1,'2014-07-14 18:48:09','2014-07-14 18:48:09',10,72,''),(105,0,'2014-07-14 19:02:00','2014-07-14 19:02:00',11,1,''),(106,0,'2014-07-14 19:02:00','2014-07-14 19:02:00',11,2,''),(107,1,'2014-07-14 19:02:00','2014-07-14 19:02:00',11,3,''),(108,0,'2014-07-14 19:02:00','2014-07-14 19:02:00',11,4,''),(109,0,'2014-07-14 19:02:00','2014-07-14 19:02:00',11,5,''),(110,0,'2014-07-14 19:02:00','2014-07-14 19:02:00',11,6,''),(111,0,'2014-07-14 19:02:00','2014-07-14 19:02:00',11,7,''),(112,0,'2014-07-14 19:02:00','2014-07-14 19:02:00',11,8,''),(113,0,'2014-07-14 19:02:00','2014-07-14 19:02:00',11,9,''),(114,0,'2014-07-14 19:02:00','2014-07-14 19:02:00',11,10,''),(115,0,'2014-07-14 19:06:04','2014-07-14 19:06:04',12,11,''),(116,0,'2014-07-14 19:06:04','2014-07-14 19:06:04',12,12,''),(117,0,'2014-07-14 19:06:04','2014-07-14 19:06:04',12,13,''),(118,0,'2014-07-14 19:06:04','2014-07-14 19:06:04',12,14,''),(119,0,'2014-07-14 19:06:04','2014-07-14 19:06:04',12,15,''),(120,0,'2014-07-14 19:06:04','2014-07-14 19:06:04',12,16,''),(121,0,'2014-07-14 19:06:04','2014-07-14 19:06:04',12,17,''),(122,0,'2014-07-14 19:22:43','2014-07-14 19:22:43',13,18,''),(123,0,'2014-07-14 19:22:43','2014-07-14 19:22:43',13,19,''),(124,0,'2014-07-14 19:22:43','2014-07-14 19:22:43',13,20,''),(125,0,'2014-07-14 19:22:43','2014-07-14 19:22:43',13,21,''),(126,2,'2014-07-14 19:22:43','2014-07-14 19:22:43',13,22,''),(127,0,'2014-07-14 19:22:43','2014-07-14 19:22:43',13,23,''),(128,2,'2014-07-14 19:22:43','2014-07-14 19:22:43',13,24,''),(129,1,'2014-07-14 19:22:43','2014-07-14 19:22:43',13,25,''),(130,0,'2014-07-14 19:22:43','2014-07-14 19:22:43',13,26,''),(131,0,'2014-07-14 19:39:13','2014-07-14 19:39:13',14,29,''),(132,0,'2014-07-14 19:39:13','2014-07-14 19:39:13',14,30,''),(133,0,'2014-07-14 19:39:13','2014-07-14 19:39:13',14,31,''),(134,2,'2014-07-14 19:39:13','2014-07-14 19:39:13',14,32,''),(135,1,'2014-07-14 19:39:13','2014-07-14 20:00:24',14,33,'A porta do boxe adaptados dos banheiros possui trinco inadequado.'),(136,0,'2014-07-14 19:39:13','2014-07-14 19:39:13',14,34,''),(137,0,'2014-07-14 19:39:13','2014-07-14 19:39:13',14,35,''),(138,0,'2014-07-14 19:39:13','2014-07-14 19:39:13',14,36,''),(139,0,'2014-07-14 19:39:13','2014-07-14 20:46:03',14,37,'Mesmo com puxador algumas portas são difíceis de abrir devido a presença de molas, como nas portas dos banheiros e do auditório.'),(140,0,'2014-07-14 19:39:13','2014-07-14 19:39:13',14,38,''),(141,0,'2014-07-14 19:39:13','2014-07-14 19:39:13',14,39,''),(142,0,'2014-07-14 19:39:13','2014-07-14 19:39:13',14,40,''),(143,1,'2014-07-14 19:39:13','2014-07-14 19:39:13',14,41,''),(144,0,'2014-07-14 20:16:40','2014-07-14 20:16:40',15,42,''),(145,1,'2014-07-14 20:16:40','2014-07-14 20:21:48',15,43,'Possui 1m de largura.'),(146,0,'2014-07-14 20:16:40','2014-07-14 20:16:40',15,44,''),(147,1,'2014-07-14 20:16:40','2014-07-14 20:16:40',15,45,'Possui apenas no início.'),(148,1,'2014-07-14 20:16:40','2014-07-14 20:16:40',15,46,''),(149,0,'2014-07-14 20:16:40','2014-07-14 20:16:40',15,47,''),(150,1,'2014-07-14 20:16:40','2014-07-14 20:21:48',15,48,'Está distante 0,47m da mudança de plano.'),(151,1,'2014-07-14 20:16:40','2014-07-14 20:16:40',15,49,'Não possui em nenhum lado.'),(152,2,'2014-07-14 20:16:40','2014-07-14 20:16:40',15,50,''),(153,2,'2014-07-14 20:16:40','2014-07-14 20:16:40',15,51,''),(154,2,'2014-07-14 20:16:40','2014-07-14 20:16:40',15,52,''),(155,2,'2014-07-14 20:16:40','2014-07-14 20:16:40',15,53,''),(156,2,'2014-07-14 20:16:40','2014-07-14 20:16:40',15,54,''),(157,0,'2014-07-14 20:16:40','2014-07-14 20:16:40',15,55,''),(158,2,'2014-07-14 20:16:40','2014-07-14 20:16:40',15,56,''),(159,2,'2014-07-14 20:16:40','2014-07-14 20:16:40',15,57,''),(160,0,'2014-07-14 20:49:10','2014-07-14 20:49:10',16,42,''),(161,0,'2014-07-14 20:49:10','2014-07-14 20:49:10',16,43,''),(162,2,'2014-07-14 20:49:10','2014-07-14 20:49:10',16,44,''),(163,0,'2014-07-14 20:49:10','2014-07-14 20:49:10',16,45,''),(164,0,'2014-07-14 20:49:10','2014-07-14 20:49:10',16,46,''),(165,0,'2014-07-14 20:49:10','2014-07-14 20:49:10',16,47,''),(166,0,'2014-07-14 20:49:10','2014-07-14 20:49:10',16,48,''),(167,1,'2014-07-14 20:49:10','2014-07-14 20:49:10',16,49,'Possui apenas no lado da parede, o que é compreensível no caso de um auditório.'),(168,0,'2014-07-14 20:49:10','2014-07-14 20:49:10',16,50,''),(169,1,'2014-07-14 20:49:10','2014-07-14 20:49:10',16,51,''),(170,2,'2014-07-14 20:49:10','2014-07-14 20:49:10',16,52,''),(171,2,'2014-07-14 20:49:10','2014-07-14 20:49:10',16,53,''),(172,2,'2014-07-14 20:49:10','2014-07-14 20:49:10',16,54,''),(173,0,'2014-07-14 20:49:10','2014-07-14 20:49:10',16,55,''),(174,0,'2014-07-14 20:49:10','2014-07-14 20:49:10',16,56,''),(175,0,'2014-07-14 20:49:10','2014-07-14 20:49:10',16,57,''),(176,0,'2014-07-14 21:09:48','2014-07-14 21:20:19',17,42,'O equipamento está conservado, porém precisa da troca das grelhas, que estão no sentido do fluxo e possui vãos maiores que o permitido.'),(177,0,'2014-07-14 21:09:48','2014-07-14 21:09:48',17,43,''),(178,0,'2014-07-14 21:09:48','2014-07-14 21:09:48',17,44,''),(179,0,'2014-07-14 21:09:48','2014-07-14 21:09:48',17,45,''),(180,0,'2014-07-14 21:09:48','2014-07-14 21:09:48',17,46,''),(181,0,'2014-07-14 21:09:48','2014-07-14 21:09:48',17,47,''),(182,0,'2014-07-14 21:09:48','2014-07-14 21:09:48',17,48,''),(183,0,'2014-07-14 21:09:48','2014-07-14 21:09:48',17,49,''),(184,0,'2014-07-14 21:09:48','2014-07-14 21:09:48',17,50,''),(185,0,'2014-07-14 21:09:48','2014-07-14 21:09:48',17,51,''),(186,2,'2014-07-14 21:09:48','2014-07-14 21:09:48',17,52,''),(187,2,'2014-07-14 21:09:48','2014-07-14 21:09:48',17,53,''),(188,2,'2014-07-14 21:09:48','2014-07-14 21:09:48',17,54,''),(189,0,'2014-07-14 21:09:48','2014-07-14 21:09:48',17,55,''),(190,0,'2014-07-14 21:09:48','2014-07-14 21:09:48',17,56,''),(191,0,'2014-07-14 21:09:48','2014-07-14 21:09:48',17,57,''),(192,0,'2014-07-14 22:34:06','2014-07-14 22:34:06',18,174,''),(193,0,'2014-07-14 22:34:06','2014-07-14 22:34:06',18,175,''),(194,0,'2014-07-14 22:34:06','2014-07-14 22:34:06',18,176,''),(195,1,'2014-07-14 22:34:06','2014-07-14 22:34:06',18,177,'Apesar da verificação de cadeiras diferenciadas, por não ter identificação, não se sabe a quantidade de assentos reservados para PO.'),(196,0,'2014-07-14 22:34:06','2014-07-14 22:34:06',18,178,'Há espaço para uma cadeira de acompanhante, mas os assentos não são fixos.'),(197,0,'2014-07-14 22:34:06','2014-07-14 22:34:06',18,179,''),(198,2,'2014-07-14 22:34:06','2014-07-14 22:34:06',18,180,''),(199,2,'2014-07-14 22:34:06','2014-07-14 22:34:06',18,181,''),(200,1,'2014-07-14 22:34:06','2014-07-14 22:34:06',18,182,''),(201,2,'2014-07-14 22:34:06','2014-07-14 22:34:06',18,183,'Não se pode medir a distância correta, já que as cadeiras são móveis.'),(202,1,'2014-07-14 22:34:06','2014-07-14 22:34:06',18,184,'Não possui porque não é necessário.'),(203,2,'2014-07-14 22:34:06','2014-07-14 22:34:06',18,185,''),(204,2,'2014-07-14 22:34:06','2014-07-14 22:34:06',18,186,''),(205,2,'2014-07-14 22:34:06','2014-07-14 22:34:06',18,187,''),(206,2,'2014-07-14 22:34:06','2014-07-14 22:34:06',18,188,''),(207,2,'2014-07-14 22:34:06','2014-07-14 22:34:06',18,189,'Não há camarins.'),(208,2,'2014-07-14 22:34:06','2014-07-14 22:34:06',18,190,''),(209,2,'2014-07-14 22:34:06','2014-07-14 22:34:06',18,191,'Não há bilheterias.'),(210,2,'2014-07-14 22:34:06','2014-07-14 22:34:06',18,192,''),(211,0,'2014-07-23 14:03:55','2014-07-23 14:03:55',19,174,''),(212,1,'2014-07-23 14:03:55','2014-07-23 14:03:55',19,175,'Deveria ter pelo menos um espaço reservado para PCR acompanhado de mesa.'),(213,1,'2014-07-23 14:03:55','2014-07-23 14:03:55',19,176,''),(214,1,'2014-07-23 14:03:55','2014-07-23 14:03:55',19,177,'Todas as cadeiras são iguais, não tendo uma específica para PO.'),(215,2,'2014-07-23 14:03:55','2014-07-23 14:03:55',19,178,''),(216,2,'2014-07-23 14:03:55','2014-07-23 14:03:55',19,179,''),(217,2,'2014-07-23 14:03:55','2014-07-23 14:03:55',19,180,''),(218,2,'2014-07-23 14:03:55','2014-07-23 14:03:55',19,181,''),(219,2,'2014-07-23 14:03:55','2014-07-23 14:03:55',19,182,''),(220,2,'2014-07-23 14:03:55','2014-07-23 14:03:55',19,183,''),(221,2,'2014-07-23 14:03:55','2014-07-23 14:03:55',19,184,'Não há palco nas salas de aula.'),(222,2,'2014-07-23 14:03:55','2014-07-23 14:03:55',19,185,''),(223,2,'2014-07-23 14:03:55','2014-07-23 14:03:55',19,186,''),(224,2,'2014-07-23 14:03:55','2014-07-23 14:03:55',19,187,''),(225,2,'2014-07-23 14:03:55','2014-07-23 14:03:55',19,188,''),(226,2,'2014-07-23 14:03:55','2014-07-23 14:03:55',19,189,''),(227,2,'2014-07-23 14:03:55','2014-07-23 14:03:55',19,190,''),(228,2,'2014-07-23 14:03:55','2014-07-23 14:03:55',19,191,''),(229,2,'2014-07-23 14:03:55','2014-07-23 14:03:55',19,192,''),(230,0,'2014-07-23 14:07:44','2014-07-23 14:07:44',20,200,''),(231,0,'2014-07-23 14:07:44','2014-07-23 14:07:44',20,201,''),(232,2,'2014-07-23 14:07:44','2014-07-23 14:07:44',20,202,''),(233,0,'2014-07-23 14:07:44','2014-07-23 14:07:44',20,203,'Existe mesa reservada para PCR.'),(234,0,'2014-07-23 14:33:12','2014-07-23 14:33:12',21,174,''),(235,1,'2014-07-23 14:33:12','2014-07-23 14:33:12',21,175,'Não possui um local reservado e sinalizado, porém as cadeiras são móveis e é possível utilizar as mesas que estão com altura livre adequada. Além disso a circulação na sala é eficiente.'),(236,1,'2014-07-23 14:33:12','2014-07-23 14:33:12',21,176,'Não possui, porém as cadeiras são móveis e há uma boa circulação, mesmo quando na sala com corredores, já que eles são largos o suficiente.'),(237,1,'2014-07-23 14:33:12','2014-07-23 14:33:12',21,177,'Todas as cadeiras são iguais.'),(238,2,'2014-07-23 14:33:12','2014-07-23 14:33:12',21,178,''),(239,2,'2014-07-23 14:33:12','2014-07-23 14:33:12',21,179,''),(240,2,'2014-07-23 14:33:12','2014-07-23 14:33:12',21,180,''),(241,2,'2014-07-23 14:33:12','2014-07-23 14:33:12',21,181,''),(242,2,'2014-07-23 14:33:12','2014-07-23 14:33:12',21,182,''),(243,2,'2014-07-23 14:33:12','2014-07-23 14:33:12',21,183,''),(244,2,'2014-07-23 14:33:12','2014-07-23 14:33:12',21,184,'Não existe palco nos laboratórios de computação.'),(245,2,'2014-07-23 14:33:12','2014-07-23 14:33:12',21,185,''),(246,2,'2014-07-23 14:33:12','2014-07-23 14:33:12',21,186,''),(247,2,'2014-07-23 14:33:12','2014-07-23 14:33:12',21,187,''),(248,2,'2014-07-23 14:33:12','2014-07-23 14:33:12',21,188,''),(249,2,'2014-07-23 14:33:12','2014-07-23 14:33:12',21,189,''),(250,2,'2014-07-23 14:33:12','2014-07-23 14:33:12',21,190,''),(251,2,'2014-07-23 14:33:12','2014-07-23 14:33:12',21,191,''),(252,2,'2014-07-23 14:33:12','2014-07-23 14:33:12',21,192,''),(253,1,'2014-09-08 14:18:20','2014-09-08 14:18:20',22,1,'Em algumas áreas, o piso está desnivelado, com obstruções e/ou obstáculos.'),(254,0,'2014-09-08 14:18:20','2014-09-08 14:18:20',22,2,''),(255,0,'2014-09-08 14:18:20','2014-09-08 14:18:20',22,3,''),(256,0,'2014-09-08 14:18:20','2014-09-08 14:18:20',22,4,''),(257,0,'2014-09-08 14:18:20','2014-09-08 14:18:20',22,5,''),(258,0,'2014-09-08 14:18:20','2014-09-08 14:18:20',22,6,''),(259,0,'2014-09-08 14:18:20','2014-09-08 14:18:20',22,7,'O piso é de concreto pré-moldado, porém em algumas áreas está desnivelado e precisando de manutenção nas juntas.'),(260,0,'2014-09-08 14:18:20','2014-09-08 14:18:20',22,8,''),(261,1,'2014-09-08 14:18:20','2014-09-08 14:18:20',22,9,'Há dois acessos pelo estacionamento. Um deles está adequado e não precisa de manutenção, apenas limpeza. O outro, retratado na foto, precisa se adequar a norma NBR 9050.'),(262,1,'2014-09-08 14:18:20','2014-09-08 14:18:20',22,10,''),(263,1,'2014-09-08 15:53:14','2014-09-08 15:53:14',23,11,'Em algumas áreas, a pavimentação e o calçamento precisam de reforma e manutenção.'),(264,0,'2014-09-08 15:53:14','2014-09-08 15:53:14',23,12,''),(265,0,'2014-09-08 15:53:14','2014-09-08 15:53:14',23,13,''),(266,0,'2014-09-08 15:53:14','2014-09-08 15:53:14',23,14,'Possui sinalização, porém precisa de nova pintura.'),(267,1,'2014-09-08 15:53:14','2014-09-08 15:55:18',23,15,'Existem dois conjuntos de vagas reservadas, sendo que um possui o rebaixamento e o outro não, como mostrado na imagem.'),(268,0,'2014-09-08 15:53:14','2014-09-08 15:53:14',23,16,''),(269,1,'2014-09-08 15:53:14','2014-09-08 15:53:14',23,17,'O primeiro conjunto de vagas reservadas possui sinalização vertical, porém o segundo não possui.'),(270,0,'2014-09-08 16:11:36','2014-09-08 16:11:36',24,18,''),(271,0,'2014-09-08 16:11:36','2014-09-08 16:11:36',24,19,''),(272,0,'2014-09-08 16:11:36','2014-09-08 16:11:36',24,20,''),(273,0,'2014-09-08 16:11:36','2014-09-08 16:11:36',24,21,''),(274,2,'2014-09-08 16:11:36','2014-09-08 16:11:36',24,22,'Não há catracas ou cancelas.'),(275,2,'2014-09-08 16:11:36','2014-09-08 16:11:36',24,23,'Não é uma edificação nova.'),(276,2,'2014-09-08 16:11:36','2014-09-08 16:11:36',24,24,'Não há diferenciação entre entrada acessível e não acessível.'),(277,1,'2014-09-08 16:11:36','2014-09-08 16:11:36',24,25,'Não possui piso de alerta indicando as rampas e a escada de acesso.'),(278,2,'2014-09-08 16:11:36','2014-09-08 16:11:36',24,26,''),(279,0,'2014-09-08 16:48:11','2014-09-08 16:48:11',25,18,''),(280,0,'2014-09-08 16:48:11','2014-09-08 16:48:11',25,19,'Na ocasião da foto, uma das placas de concreto estava sendo trocada, porém foi substituída rapidamente.'),(281,0,'2014-09-08 16:48:11','2014-09-08 16:48:11',25,20,''),(282,0,'2014-09-08 16:48:11','2014-09-08 16:48:11',25,21,''),(283,2,'2014-09-08 16:48:11','2014-09-08 16:48:11',25,22,'Não há catracas ou cancelas.'),(284,2,'2014-09-08 16:48:11','2014-09-08 16:48:11',25,23,'Não é uma edificação nova.'),(285,2,'2014-09-08 16:48:11','2014-09-08 16:48:11',25,24,'Não há diferenciação entre entrada acessível e não acessível.'),(286,1,'2014-09-08 16:48:11','2014-09-08 16:48:11',25,25,'Não possui mudança da superfície do piso e o obstáculo não obstrui a passagem.'),(287,2,'2014-09-08 16:48:11','2014-09-08 16:48:11',25,26,''),(288,0,'2014-09-08 18:01:00','2014-09-08 18:01:00',26,29,''),(289,0,'2014-09-08 18:01:01','2014-09-08 18:01:01',26,30,'Quando as duas folhas estão abertas, possui vão livre maior do que 0,80m.'),(290,0,'2014-09-08 18:01:01','2014-09-08 18:01:01',26,31,''),(291,2,'2014-09-08 18:01:01','2014-09-08 18:01:01',26,32,'Não é um local de práticas esportivas.'),(292,0,'2014-09-08 18:01:01','2014-09-08 18:01:01',26,33,''),(293,0,'2014-09-08 18:01:01','2014-09-08 18:01:01',26,34,''),(294,2,'2014-09-08 18:01:01','2014-09-08 18:01:01',26,35,'Não são portas de sanitários, vestiários e quartos acessíveis.'),(295,2,'2014-09-08 18:01:01','2014-09-08 18:01:01',26,36,''),(296,2,'2014-09-08 18:01:01','2014-09-08 18:01:01',26,37,''),(297,2,'2014-09-08 18:01:01','2014-09-08 18:01:01',26,38,'A porta possui vidros em toda sua extensão, então não são considerados visores'),(298,2,'2014-09-08 18:01:01','2014-09-08 18:01:01',26,39,''),(299,2,'2014-09-08 18:01:01','2014-09-08 18:01:01',26,40,''),(300,1,'2014-09-08 18:01:01','2014-09-08 18:02:49',26,41,'Como é a única porta para entrada e saída do prédio, seria necessário utilizar sinalização.'),(301,0,'2014-09-08 18:19:47','2014-09-08 18:19:47',27,29,''),(302,0,'2014-09-08 18:19:47','2014-09-08 18:19:47',27,30,'Quando aberta as duas folhas,  possui largura livre mínima maior do que 0,80m, porém algumas portas deste tipo não estão abrindo a segunda folha.'),(303,0,'2014-09-08 18:19:47','2014-09-08 18:19:47',27,31,''),(304,2,'2014-09-08 18:19:47','2014-09-08 18:19:47',27,32,'Não é um local de práticas esportivas.'),(305,0,'2014-09-08 18:19:47','2014-09-08 18:19:47',27,33,'As maçanetas são do tipo alavanca, porém há dificuldade em abrir as portas devido a presença de molas.'),(306,0,'2014-09-08 18:19:47','2014-09-08 18:19:47',27,34,''),(307,2,'2014-09-08 18:19:47','2014-09-08 18:19:47',27,35,'Não são portas de sanitários, vestiários e quartos acessíveis.'),(308,2,'2014-09-08 18:19:47','2014-09-08 18:19:47',27,36,''),(309,2,'2014-09-08 18:19:47','2014-09-08 18:19:47',27,37,''),(310,2,'2014-09-08 18:19:47','2014-09-08 18:19:47',27,38,'A porta possui visores, porém não é do tipo vaivém.'),(311,2,'2014-09-08 18:19:47','2014-09-08 18:19:47',27,39,''),(312,2,'2014-09-08 18:19:47','2014-09-08 18:19:47',27,40,''),(313,1,'2014-09-08 18:19:47','2014-09-08 18:19:47',27,41,'Não possui sinalização tátil. '),(314,0,'2014-09-08 18:41:37','2014-09-08 18:41:37',28,29,''),(315,0,'2014-09-08 18:41:37','2014-09-08 18:41:37',28,30,''),(316,0,'2014-09-08 18:41:37','2014-09-08 18:41:37',28,31,''),(317,2,'2014-09-08 18:41:37','2014-09-08 18:41:37',28,32,'Não é um local de práticas esportivas.'),(318,0,'2014-09-08 18:41:37','2014-09-08 18:41:37',28,33,''),(319,0,'2014-09-08 18:41:37','2014-09-08 18:41:37',28,34,''),(320,2,'2014-09-08 18:41:37','2014-09-08 18:41:37',28,35,'Não são portas de sanitários, vestiários e quartos acessíveis.'),(321,2,'2014-09-08 18:41:37','2014-09-08 18:41:37',28,36,''),(322,2,'2014-09-08 18:41:37','2014-09-08 18:41:37',28,37,''),(323,2,'2014-09-08 18:41:37','2014-09-08 18:41:37',28,38,'Não possui visores e não é do tipo vaivém.'),(324,2,'2014-09-08 18:41:37','2014-09-08 18:41:37',28,39,''),(325,2,'2014-09-08 18:41:37','2014-09-08 18:41:37',28,40,''),(326,2,'2014-09-08 18:41:37','2014-09-08 18:41:37',28,41,'Não são ambientes comuns.'),(327,0,'2014-09-08 19:00:24','2014-09-08 19:00:24',29,29,''),(328,0,'2014-09-08 19:00:24','2014-09-08 19:00:24',29,30,''),(329,0,'2014-09-08 19:00:24','2014-09-08 19:00:24',29,31,''),(330,2,'2014-09-08 19:00:24','2014-09-08 19:00:24',29,32,'Não é um local de práticas esportivas.'),(331,0,'2014-09-08 19:00:24','2014-09-08 19:00:24',29,33,''),(332,0,'2014-09-08 19:00:24','2014-09-08 19:00:24',29,34,''),(333,0,'2014-09-08 19:00:24','2014-09-08 19:00:24',29,35,''),(334,0,'2014-09-08 19:00:24','2014-09-08 19:00:24',29,36,''),(335,0,'2014-09-08 19:00:24','2014-09-08 19:00:24',29,37,''),(336,2,'2014-09-08 19:00:24','2014-09-08 19:00:24',29,38,'Não possui visores e não é do tipo vaivém.'),(337,2,'2014-09-08 19:00:24','2014-09-08 19:00:24',29,39,''),(338,2,'2014-09-08 19:00:24','2014-09-08 19:00:24',29,40,''),(339,1,'2014-09-08 19:00:24','2014-09-08 19:00:24',29,41,'Não possui sinalização tátil, apenas visual.'),(340,0,'2014-09-08 19:30:09','2014-09-08 19:30:09',30,42,''),(341,0,'2014-09-08 19:30:09','2014-09-08 19:30:09',30,43,''),(342,2,'2014-09-08 19:30:09','2014-09-08 19:30:09',30,44,'Não possui patamar intermediário.'),(343,1,'2014-09-08 19:30:09','2014-09-08 19:30:09',30,45,'A rampa possui em sua lateral vãos e um gradil, sendo que este não se estende por toda a rampa.'),(344,2,'2014-09-08 19:30:09','2014-09-08 19:30:09',30,46,''),(345,1,'2014-09-08 19:30:09','2014-09-08 19:30:09',30,47,'Não possui piso de alerta.'),(346,2,'2014-09-08 19:30:09','2014-09-08 19:30:09',30,48,''),(347,1,'2014-09-08 19:30:09','2014-09-08 19:30:09',30,49,'Não possui corrimão em nenhum dos lados.'),(348,2,'2014-09-08 19:30:09','2014-09-08 19:30:09',30,50,''),(349,2,'2014-09-08 19:30:09','2014-09-08 19:30:09',30,51,''),(350,2,'2014-09-08 19:30:09','2014-09-08 19:30:09',30,52,'A rampa não possui mais de 2,40 m.'),(351,2,'2014-09-08 19:30:09','2014-09-08 19:30:09',30,53,'A rampa não é curva.'),(352,2,'2014-09-08 19:30:09','2014-09-08 19:30:09',30,54,''),(353,0,'2014-09-08 19:30:09','2014-09-08 19:30:09',30,55,''),(354,2,'2014-09-08 19:30:09','2014-09-08 19:30:09',30,56,''),(355,2,'2014-09-08 19:30:09','2014-09-08 19:30:09',30,57,''),(356,0,'2014-09-08 19:54:42','2014-09-08 19:54:42',31,58,''),(357,0,'2014-09-08 19:54:42','2014-09-08 19:54:42',31,59,''),(358,2,'2014-09-08 19:54:42','2014-09-08 19:54:42',31,60,'Não possui patamar.'),(359,1,'2014-09-08 19:54:42','2014-09-08 19:54:42',31,61,'Não possui piso tátil.'),(360,1,'2014-09-08 19:54:42','2014-09-08 19:54:42',31,62,''),(361,2,'2014-09-08 19:54:42','2014-09-08 19:54:42',31,63,'Não é um degrau isolado.'),(362,2,'2014-09-08 19:54:42','2014-09-08 19:54:42',31,64,''),(363,1,'2014-09-08 19:54:42','2014-09-08 19:54:42',31,65,'Não possui corrimão em nenhum lado.'),(364,2,'2014-09-08 19:54:42','2014-09-08 19:54:42',31,66,''),(365,2,'2014-09-08 19:54:42','2014-09-08 19:54:42',31,67,''),(366,1,'2014-09-08 19:54:42','2014-09-08 19:54:42',31,68,''),(367,0,'2014-09-08 19:54:42','2014-09-08 19:54:42',31,69,''),(368,2,'2014-09-08 19:54:42','2014-09-08 19:54:42',31,70,''),(369,2,'2014-09-08 19:54:42','2014-09-08 19:54:42',31,71,''),(370,1,'2014-09-08 19:54:42','2014-09-08 19:54:42',31,72,''),(371,0,'2014-09-08 20:14:45','2014-09-08 20:14:45',32,58,''),(372,0,'2014-09-08 20:14:45','2014-09-08 20:14:45',32,59,''),(373,0,'2014-09-08 20:14:45','2014-09-08 20:14:45',32,60,''),(374,0,'2014-09-08 20:14:45','2014-09-08 20:14:45',32,61,''),(375,0,'2014-09-08 20:14:45','2014-09-08 20:14:45',32,62,''),(376,2,'2014-09-08 20:14:45','2014-09-08 20:14:45',32,63,'Não é um degrau isolado.'),(377,2,'2014-09-08 20:14:45','2014-09-08 20:14:45',32,64,''),(378,0,'2014-09-08 20:14:45','2014-09-08 20:14:45',32,65,''),(379,0,'2014-09-08 20:14:46','2014-09-08 20:14:46',32,66,''),(380,1,'2014-09-08 20:14:46','2014-09-08 20:14:46',32,67,''),(381,2,'2014-09-08 20:14:46','2014-09-08 20:14:46',32,68,'A escada não possui mais de 2,40m.'),(382,0,'2014-09-08 20:14:46','2014-09-08 20:14:46',32,69,''),(383,0,'2014-09-08 20:14:46','2014-09-08 20:14:46',32,70,''),(384,0,'2014-09-08 20:14:46','2014-09-08 20:14:46',32,71,''),(385,1,'2014-09-08 20:14:46','2014-09-08 20:14:46',32,72,''),(386,0,'2014-09-08 20:29:15','2014-09-08 20:29:15',33,73,'Está conservado, porém há queixas de quebras constantes.'),(387,1,'2014-09-08 20:29:15','2014-09-08 20:29:15',33,74,''),(388,2,'2014-09-08 20:29:15','2014-09-08 20:29:15',33,75,'Não é uma edificação nova.'),(389,0,'2014-09-08 20:29:15','2014-09-08 20:29:15',33,76,''),(390,0,'2014-09-08 20:29:15','2014-09-08 20:29:15',33,77,''),(391,0,'2014-09-08 20:29:15','2014-09-08 20:29:15',33,78,''),(392,0,'2014-09-08 20:29:15','2014-09-08 20:29:15',33,79,''),(393,0,'2014-09-08 20:29:15','2014-09-08 20:29:15',33,80,''),(394,0,'2014-09-08 20:29:15','2014-09-08 20:29:15',33,81,''),(395,1,'2014-09-08 20:29:15','2014-09-08 20:29:15',33,82,'Não possui registro audível.'),(396,1,'2014-09-08 20:29:15','2014-09-08 20:29:15',33,83,''),(397,1,'2014-09-08 20:29:15','2014-09-08 20:29:15',33,84,''),(398,1,'2014-09-08 20:29:15','2014-09-08 20:29:15',33,85,'Possui identificação do pavimento apenas do lado direito.'),(399,1,'2014-09-08 20:29:15','2014-09-08 20:29:15',33,86,''),(400,0,'2014-09-08 20:38:44','2014-09-08 20:38:44',34,128,''),(401,0,'2014-09-08 20:38:44','2014-09-08 20:38:44',34,129,''),(402,0,'2014-09-08 20:38:44','2014-09-08 20:38:44',34,130,''),(403,0,'2014-09-08 20:38:44','2014-09-08 20:38:44',34,131,''),(404,2,'2014-09-08 20:38:44','2014-09-08 20:38:44',34,132,'Não há papeleira embutida.'),(405,2,'2014-09-08 20:38:44','2014-09-08 20:38:44',34,133,''),(406,0,'2014-09-08 20:38:44','2014-09-08 20:38:44',34,134,''),(407,0,'2014-09-08 20:38:44','2014-09-08 20:38:44',34,135,''),(408,0,'2014-09-08 20:51:25','2014-09-08 20:51:25',35,136,''),(409,0,'2014-09-08 20:51:25','2014-09-08 20:51:25',35,137,''),(410,1,'2014-09-08 20:51:25','2014-09-08 20:51:25',35,138,'A torneira é do tipo de pressão.'),(411,0,'2014-09-08 20:51:25','2014-09-08 20:51:25',35,139,''),(412,0,'2014-09-08 20:51:25','2014-09-08 20:51:25',35,140,''),(413,0,'2014-09-08 20:51:25','2014-09-08 20:51:25',35,141,''),(414,0,'2014-09-08 20:51:26','2014-09-08 20:51:26',35,142,''),(415,0,'2014-09-08 20:51:26','2014-09-08 20:51:26',35,143,'');
/*!40000 ALTER TABLE `answers` ENABLE KEYS */;
UNLOCK TABLES;

--
-- Table structure for table `buildings`
--

DROP TABLE IF EXISTS `buildings`;
/*!40101 SET @saved_cs_client     = @@character_set_client */;
/*!40101 SET character_set_client = utf8 */;
CREATE TABLE `buildings` (
  `id` int(11) NOT NULL AUTO_INCREMENT,
  `idAtlas` varchar(255) COLLATE utf8_unicode_ci DEFAULT NULL,
  `name` varchar(255) COLLATE utf8_unicode_ci DEFAULT NULL,
  `created_at` datetime DEFAULT NULL,
  `updated_at` datetime DEFAULT NULL,
  PRIMARY KEY (`id`)
) ENGINE=InnoDB AUTO_INCREMENT=244 DEFAULT CHARSET=utf8 COLLATE=utf8_unicode_ci;
/*!40101 SET character_set_client = @saved_cs_client */;

--
-- Dumping data for table `buildings`
--

LOCK TABLES `buildings` WRITE;
/*!40000 ALTER TABLE `buildings` DISABLE KEYS */;
INSERT INTO `buildings` VALUES (1,'3911','IO-Edifício Principal-191','2014-06-24 15:25:04','2014-06-24 15:25:04'),(2,'4719','EP-Serviços Gerais-908','2014-06-24 15:25:04','2014-06-24 15:25:04'),(3,'4713','EP-ENERQ-158','2014-06-24 15:25:04','2014-06-24 15:25:04'),(4,'118','FMVZ-BLOCO 9-240','2014-06-24 15:25:04','2014-06-24 15:25:04'),(5,'4668','FMVZ-BIOTÉRIO DE AVES-GALPÃO 1-240','2014-06-24 15:25:04','2014-06-24 15:25:04'),(6,'4669','FMVZ-BIOTÉRIO DE AVES-GALPÃO 2-240','2014-06-24 15:25:04','2014-06-24 15:25:04'),(7,'4670','FMVZ-BIOTÉRIO DE AVES-GALPÃO 3-240','2014-06-24 15:25:04','2014-06-24 15:25:04'),(8,'4656','IB-BIBLIOTECA E CENTRO DIDÁTICO-SN','2014-06-24 15:25:04','2014-06-24 15:25:04'),(9,'4706','IGC-Garagem e Centro de Vivência-562','2014-06-24 15:25:04','2014-06-24 15:25:04'),(10,'5006','MAE-CORREIOS-1466','2014-06-24 15:25:04','2014-06-24 15:25:04'),(11,'4572','FAU-Edifício Villanova Antigas-876','2014-06-24 15:25:04','2014-06-24 15:25:04'),(12,'4676','FFLCH-Casa de Cultura Japonesa-159','2014-06-24 15:25:04','2014-06-24 15:25:04'),(13,'4677','RUSP-Almoxarifado Codage-270','2014-06-24 15:25:04','2014-06-24 15:25:04'),(14,'4593','IQ-Bloco 11-748','2014-06-24 15:25:04','2014-06-24 15:25:04'),(15,'5','FFLCH-Administração-717','2014-06-24 15:25:04','2014-06-24 15:25:04'),(16,'4594','IQ-Bloco 12-748','2014-06-24 15:25:04','2014-06-24 15:25:04'),(17,'4592','IQ-Bloco 10-748','2014-06-24 15:25:04','2014-06-24 15:25:04'),(18,'4589','IQ-Bloco 07-748','2014-06-24 15:25:04','2014-06-24 15:25:04'),(19,'4582','IQ-Bloco 00-748','2014-06-24 15:25:04','2014-06-24 15:25:04'),(20,'4588','IQ-Bloco 06-748','2014-06-24 15:25:04','2014-06-24 15:25:04'),(21,'4586','IQ-Bloco 04-748','2014-06-24 15:25:04','2014-06-24 15:25:04'),(22,'4591','IQ-Bloco 09-748','2014-06-24 15:25:04','2014-06-24 15:25:04'),(23,'4808','EP-Bloco A-128','2014-06-24 15:25:04','2014-06-24 15:25:04'),(24,'4812','EP-Bloco C-128','2014-06-24 15:25:04','2014-06-24 15:25:04'),(25,'4806','EP-Produção Blocos F e G-471','2014-06-24 15:25:04','2014-06-24 15:25:04'),(26,'4741','Edifício Anexo-Museu de Arqueologia e Etnologia-1466','2014-06-24 15:25:04','2014-06-24 15:25:04'),(27,'4651','MAC-MAC Exposições-160','2014-06-24 15:25:04','2014-06-24 15:25:04'),(28,'4653','MAC-Manutenção-160','2014-06-24 15:25:04','2014-06-24 15:25:04'),(29,'4595','Centro de Vivência da Reitoria-Centro de Vivência-74','2014-06-24 15:25:04','2014-06-24 15:25:04'),(30,'4576','FO-Clínicas A,B e C-2227','2014-06-24 15:25:04','2014-06-24 15:25:04'),(31,'4326','ECA-Edifício do Departamento de Música-443','2014-06-24 15:25:04','2014-06-24 15:25:04'),(32,'4569','ECA-Bloco B-443','2014-06-24 15:25:04','2014-06-24 15:25:04'),(33,'4322','ECA-Artes Cênicas-443','2014-06-24 15:25:04','2014-06-24 15:25:04'),(34,'4273','ECA-Teatro Laboratório-215','2014-06-24 15:25:04','2014-06-24 15:25:04'),(35,'4568','ECA-Bloco A-80','2014-06-24 15:25:04','2014-06-24 15:25:04'),(36,'4570','ECA-Bloco C-443','2014-06-24 15:25:04','2014-06-24 15:25:04'),(37,'4567','Restaurante-Restaurante do Instituto de Física, Lanchonete e Centro Acadêmica-123','2014-06-24 15:25:04','2014-06-24 15:25:04'),(38,'4725','EP-Edifício da Administração-380','2014-06-24 15:25:04','2014-06-24 15:25:04'),(39,'4574','FE-Escola de Aplicação Bloco A e B-220','2014-06-24 15:25:04','2014-06-24 15:25:04'),(40,'4644','CEPEUSP-Vestiário das Piscinas-61','2014-06-24 15:25:04','2014-06-24 15:25:04'),(41,'4645','CEPEUSP-Vestiário Masculino-61','2014-06-24 15:25:04','2014-06-24 15:25:04'),(42,'4680','CEPEUSP-Lanchonete-61','2014-06-24 15:25:04','2014-06-24 15:25:04'),(43,'4648','CEPEUSP-Vestiário Feminino-61','2014-06-24 15:25:04','2014-06-24 15:25:04'),(44,'4649','CEPEUSP-Bloco G-61','2014-06-24 15:25:04','2014-06-24 15:25:04'),(45,'4646','CEPEUSP-Bloco B-61','2014-06-24 15:25:04','2014-06-24 15:25:04'),(46,'4647','CEPEUSP-Bloco D-61','2014-06-24 15:25:04','2014-06-24 15:25:04'),(47,'4650','CEPEUSP-Bloco F-61','2014-06-24 15:25:04','2014-06-24 15:25:04'),(48,'4692','IF-Depto. Física Experimental - Lab. Fis. Plasmas-187','2014-06-24 15:25:04','2014-06-24 15:25:04'),(49,'4742','Galpão de Exposições-Edifício Antigo da UEP-1466','2014-06-24 15:25:04','2014-06-24 15:25:04'),(50,'5000','MAE-Oficina de Manutenção-1466','2014-06-24 15:25:04','2014-06-24 15:25:04'),(51,'4','FFLCH-Biblioteca Central-350','2014-06-24 15:25:04','2014-06-24 15:25:04'),(52,'4573','FAU-Laboratório de Marcenaria e Gráfica-876','2014-06-24 15:25:04','2014-06-24 15:25:04'),(53,'4728','EP-CTCC Centro de Técnicas de Construção Civil-115','2014-06-24 15:25:04','2014-06-24 15:25:04'),(54,'4809','EP-Biênio Anfiteatros-128','2014-06-24 15:25:04','2014-06-24 15:25:04'),(55,'4720','EP-Biênio Bloco D3-128','2014-06-24 15:25:04','2014-06-24 15:25:04'),(56,'4722','EP-Biênio Bloco D1-128','2014-06-24 15:25:04','2014-06-24 15:25:04'),(57,'5001','MAE-Oficina de Manutenção-1466','2014-06-24 15:25:04','2014-06-24 15:25:04'),(58,'1','FFLCH-História e Geografia-338','2014-06-24 15:25:04','2014-06-24 15:25:04'),(59,'4810','EP-Edifício da Engenharia Civil-83','2014-06-24 15:25:04','2014-06-24 15:25:04'),(60,'4710','CCE-Blocos A, B e C-1721','2014-06-24 15:25:04','2014-06-24 15:25:04'),(61,'4659','IB-Vestiário-SN','2014-06-24 15:25:04','2014-06-24 15:25:04'),(62,'4661','IB-Laboratório-SN','2014-06-24 15:25:04','2014-06-24 15:25:04'),(63,'4662','IB-Estufa-SN','2014-06-24 15:25:04','2014-06-24 15:25:04'),(64,'506','IB-Estufa-SN','2014-06-24 15:25:04','2014-06-24 15:25:04'),(65,'4727','EP-Edifício da Engenharia Mecânica-2231','2014-06-24 15:25:04','2014-06-24 15:25:04'),(66,'4716','EP-Serviços Gerais, Blocos 13 e 14- SN','2014-06-24 15:25:04','2014-06-24 15:25:04'),(67,'4714','EP-Engenharia Elétrica, Galpão Didático-1100','2014-06-24 15:25:04','2014-06-24 15:25:04'),(68,'4718','EP-LSI Laboratório de Sistemas Integrados-158','2014-06-24 15:25:04','2014-06-24 15:25:04'),(69,'4715','EP-PEA, Bloco 30-SN','2014-06-24 15:25:04','2014-06-24 15:25:04'),(70,'4702','FEA-FEA 6, Bloco 6-748','2014-06-24 15:25:04','2014-06-24 15:25:04'),(71,'4703','FEA-Pavilhão III, Bloco 3-748','2014-06-24 15:25:04','2014-06-24 15:25:04'),(72,'2','FFLCH-Edifício das Letras-403','2014-06-24 15:25:04','2014-06-24 15:25:04'),(73,'1570','EP-Engenharia Química, Bloco 21-350','2014-06-24 15:25:04','2014-06-24 15:25:04'),(74,'1549','EP-Engenharia Química, Bloco 20-350','2014-06-24 15:25:04','2014-06-24 15:25:04'),(75,'1332','EP-Engenharia Química, Bloco 19-350','2014-06-24 15:25:04','2014-06-24 15:25:04'),(76,'1023','EP-Engenharia Química, Bloco 18-350','2014-06-24 15:25:04','2014-06-24 15:25:04'),(77,'4681','IO-Manutenção-191','2014-06-24 15:25:05','2014-06-24 15:25:05'),(78,'4704','FEA-Pavilhão II, Bloco 2-908','2014-06-24 15:25:05','2014-06-24 15:25:05'),(79,'4807','EP-Engenharia Elétrica, Prédio-1100','2014-06-24 15:25:05','2014-06-24 15:25:05'),(80,'4663','IB-ANDRÉ DREYFUS-277','2014-06-24 15:25:05','2014-06-24 15:25:05'),(81,'303','IB-LABORATÓRIO DE BOTÂNICA-SN','2014-06-24 15:25:05','2014-06-24 15:25:05'),(82,'302','IB-ANFITEATRO DO EDIFÍCIO ANDRÉ DREYFUS-277','2014-06-24 15:25:05','2014-06-24 15:25:05'),(83,'190','IB-EDIFÍCIO DO GENOMA HUMANO-106','2014-06-24 15:25:05','2014-06-24 15:25:05'),(84,'3','FFLCH-Edifício da Filosofia e Ciências Sociais-SN','2014-06-24 15:25:05','2014-06-24 15:25:05'),(85,'4494','EP-Engenharia de Metalurgia e de Materiais-2463','2014-06-24 15:25:05','2014-06-24 15:25:05'),(86,'4723','EP-Centro Moraes Rego, Departamento de Metalurgia-2463','2014-06-24 15:25:05','2014-06-24 15:25:05'),(87,'4724','EP-Engenharia de Minas e Petróleo-2373','2014-06-24 15:25:05','2014-06-24 15:25:05'),(88,'4682','FEA-Biblioteca-508','2014-06-24 15:25:05','2014-06-24 15:25:05'),(89,'994','Semi-Industrial- Rua do Lago -250','2014-06-24 15:25:05','2014-06-24 15:25:05'),(90,'509','Biotério e Almoxarifado-Avenida Prof. Lineu Prestes-580','2014-06-24 15:25:05','2014-06-24 15:25:05'),(91,'5002','MAE-Depósito e Pintura DMP-1466','2014-06-24 15:25:05','2014-06-24 15:25:05'),(92,'5003','MAE-Almoxarifado-1466','2014-06-24 15:25:05','2014-06-24 15:25:05'),(93,'4726','EP-CTH - Laboratório de Hidráulica-2251','2014-06-24 15:25:05','2014-06-24 15:25:05'),(94,'4701','FEA-Salas de Aula FAZESP, Bloco 5-508','2014-06-24 15:25:05','2014-06-24 15:25:05'),(95,'4279','ECA-Biblioteca e Administração, Bloco D-443','2014-06-24 15:25:05','2014-06-24 15:25:05'),(96,'4311','ECA-Artes Cênicas, Bloco Didático-443','2014-06-24 15:25:05','2014-06-24 15:25:05'),(97,'4331','ECA-Artes Plásticas-151','2014-06-24 15:25:05','2014-06-24 15:25:05'),(98,'4571','ECA-Depósito de Artes Plásticas-151','2014-06-24 15:25:05','2014-06-24 15:25:05'),(99,'4392','IP-Professores e Laboratórios de Pesquisa, Blocos A e F-1721','2014-06-24 15:25:05','2014-06-24 15:25:05'),(100,'4344','IP-Oficinas, Bloco E-1271','2014-06-24 15:25:05','2014-06-24 15:25:05'),(101,'4407','IP-Biblioteca, Bloco C-1721','2014-06-24 15:25:05','2014-06-24 15:25:05'),(102,'687','IB-Anfiteatro do Edifício Ernest Marcus-101','2014-06-24 15:25:05','2014-06-24 15:25:05'),(103,'4353','IP-Atendimento, Bloco D-1721','2014-06-24 15:25:05','2014-06-24 15:25:05'),(104,'5009','MAE-Bloco A-1280','2014-06-24 15:25:05','2014-06-24 15:25:05'),(105,'4581','IME-Bloco B-1010','2014-06-24 15:25:05','2014-06-24 15:25:05'),(106,'4577','ICB-Edifício Didático de Anatomia-2361','2014-06-24 15:25:05','2014-06-24 15:25:05'),(107,'157','ICB-BIO I-2415','2014-06-24 15:25:05','2014-06-24 15:25:05'),(108,'5005','MAE-Galpão DMP-1466','2014-06-24 15:25:05','2014-06-24 15:25:05'),(109,'4596','FMVZ-Hospital dos Equinos-240','2014-06-24 15:25:05','2014-06-24 15:25:05'),(110,'4587','IQ-Bloco 05-748','2014-06-24 15:25:05','2014-06-24 15:25:05'),(111,'4584','IQ-Bloco 02-748','2014-06-24 15:25:05','2014-06-24 15:25:05'),(112,'4583','IQ-Bloco 01-748','2014-06-24 15:25:05','2014-06-24 15:25:05'),(113,'179','ICB-ICB II, Bloco didático-1374','2014-06-24 15:25:05','2014-06-24 15:25:05'),(114,'5004','MAE-Restaurante e Vestiário-1466','2014-06-24 15:25:05','2014-06-24 15:25:05'),(115,'4430','IP-Sala de Aula, Bloco B-1721','2014-06-24 15:25:05','2014-06-24 15:25:05'),(116,'4575','FE-Escola de Aplicação, Ensino Médio, Bloco C-220','2014-06-24 15:25:05','2014-06-24 15:25:05'),(117,'4709','STI-Edifício anexo do CTI-51','2014-06-24 15:25:05','2014-06-24 15:25:05'),(118,'4654','IB-Ecologia Geral, Fisiologia e Zoologia-101','2014-06-24 15:25:05','2014-06-24 15:25:05'),(119,'4655','IB-Restaurante-SN','2014-06-24 15:25:05','2014-06-24 15:25:05'),(120,'4657','IB-Apiário-SN','2014-06-24 15:25:05','2014-06-24 15:25:05'),(121,'4658','IB-Laboratório-SN','2014-06-24 15:25:05','2014-06-24 15:25:05'),(122,'4660','IB-Laboratório de Botânica-SN','2014-06-24 15:25:05','2014-06-24 15:25:05'),(123,'4675','ICB-Manutenção-SN','2014-06-24 15:25:05','2014-06-24 15:25:05'),(124,'173','ICB-ICB II-1374','2014-06-24 15:25:05','2014-06-24 15:25:05'),(125,'148','ICB-ICB IV-1730','2014-06-24 15:25:05','2014-06-24 15:25:05'),(126,'4731','IB-Salas de Aula, Félix Rawscher-277','2014-06-24 15:25:05','2014-06-24 15:25:05'),(127,'396','ICB-Museu de Anatomia Humana, ICB III-2415','2014-06-24 15:25:05','2014-06-24 15:25:05'),(128,'10','EP-Engenharia Química, Bloco 22-350','2014-06-24 15:25:05','2014-06-24 15:25:05'),(129,'4683','MAE-Centro de Informações/Visitantes-SN','2014-06-24 15:25:05','2014-06-24 15:25:05'),(130,'4743','Manutenção-Sem descrição-1466','2014-06-24 15:25:05','2014-06-24 15:25:05'),(131,'4805','CEPEUSP-Estádio Olímpico-875','2014-06-24 15:25:05','2014-06-24 15:25:05'),(132,'4066','CEPEUSP-Velódromo-601','2014-06-24 15:25:05','2014-06-24 15:25:05'),(133,'4639','CEPEUSP-Módulos Poliesportivos, Quadras Cobertas-61','2014-06-24 15:25:05','2014-06-24 15:25:05'),(134,'4566','SAS-Creche Oeste-1280','2014-06-24 15:25:05','2014-06-24 15:25:05'),(135,'4091','SAS-Restaurante Central-300','2014-06-24 15:25:05','2014-06-24 15:25:05'),(136,'4638','SAS-Creche Central-200','2014-06-24 15:25:05','2014-06-24 15:25:05'),(137,'4643','FE-Edifício Principal, Bloco B-308','2014-06-24 15:25:05','2014-06-24 15:25:05'),(138,'4737','FE-Biblioteca, Bloco B-308','2014-06-24 15:25:05','2014-06-24 15:25:05'),(139,'679','Q-Auditórios, Bloco 25-748','2014-06-24 15:25:05','2014-06-24 15:25:05'),(140,'4590','IQ-Bloco 8-748','2014-06-24 15:25:05','2014-06-24 15:25:05'),(141,'4585','IQ-Bloco 3-748','2014-06-24 15:25:05','2014-06-24 15:25:05'),(142,'3108','EEFE-Bloco didático (B) e Quadras (C)-65','2014-06-24 15:25:05','2014-06-24 15:25:05'),(143,'4642','EEFE-Garagem Coberta-65','2014-06-24 15:25:05','2014-06-24 15:25:05'),(144,'4641','EEFE-Bloco A-65','2014-06-24 15:25:05','2014-06-24 15:25:05'),(145,'4640','EEFE-Restaurante-65','2014-06-24 15:25:05','2014-06-24 15:25:05'),(146,'4717','EP-Biênio, Bloco D2-471','2014-06-24 15:25:05','2014-06-24 15:25:05'),(147,'953','SAU-Ciências Farmacêuticas, Bloco 17-580','2014-06-24 15:25:05','2014-06-24 15:25:05'),(148,'873','SAU-Ciências Farmacêuticas, Bloco 16-580','2014-06-24 15:25:05','2014-06-24 15:25:05'),(149,'831','SAU-Ciências Farmacêuticas, Bloco 15-580','2014-06-24 15:25:05','2014-06-24 15:25:05'),(150,'771','SAU-Ciências Farmacêuticas, Bloco 14-580','2014-06-24 15:25:05','2014-06-24 15:25:05'),(151,'723','SAU-Ciências Farmacêuticas, Bloco 13-580','2014-06-24 15:25:05','2014-06-24 15:25:05'),(152,'733','SAU-Análises Clínicas e Toxicológicas, Bloco 13A-580','2014-06-24 15:25:05','2014-06-24 15:25:05'),(153,'717','SAU-Administração, Bloco 13B-875','2014-06-24 15:25:05','2014-06-24 15:25:05'),(154,'4736','FM-Paramédicas (Fono/Fisio/TO), Bloco 1 e 2-51','2014-06-24 15:25:05','2014-06-24 15:25:05'),(155,'4664','FMVZ-Clínica Veterinária, Dermatologia e Cardiologia, Blocos 12 e 14-240','2014-06-24 15:25:05','2014-06-24 15:25:05'),(156,'4665','FMVZ-Clínica Veterinária, Administração, Blocos 13 e 15-240','2014-06-24 15:25:05','2014-06-24 15:25:05'),(157,'4666','Hospital Veterinário-Triagem-240','2014-06-24 15:25:05','2014-06-24 15:25:05'),(158,'4901','IEE-Edifício Didático-1289','2014-06-24 15:25:05','2014-06-24 15:25:05'),(159,'4902','IEE-Edifício Didático-1289','2014-06-24 15:25:05','2014-06-24 15:25:05'),(160,'4729','IQ-Depósito de Produtos Químicos-748','2014-06-24 15:25:05','2014-06-24 15:25:05'),(161,'221','IQ-Biblioteca-748','2014-06-24 15:25:05','2014-06-24 15:25:05'),(162,'4739','MAE-Edifício Principal-1466','2014-06-24 15:25:05','2014-06-24 15:25:05'),(163,'4505','FMVZ-Bloco 17-240','2014-06-24 15:25:05','2014-06-24 15:25:05'),(164,'4667','FMVZ-Grêmio dos Funcionários-240','2014-06-24 15:25:05','2014-06-24 15:25:05'),(165,'4707','FMVZ-VCI, Edifício Vicente Boreli-240','2014-06-24 15:25:05','2014-06-24 15:25:05'),(166,'4708','FMVZ-Museu de Anatomia Veterinária e Canil da Anatomia-240','2014-06-24 15:25:05','2014-06-24 15:25:05'),(167,'123','FMVZ-Blocos Complementares-240','2014-06-24 15:25:05','2014-06-24 15:25:05'),(168,'126','FMVZ-Laboratório de Inseminação Artificial, Bloco 19-240','2014-06-24 15:25:05','2014-06-24 15:25:05'),(169,'4916','IEE-Salão de Máquinas Rotativas-1289','2014-06-24 15:25:05','2014-06-24 15:25:05'),(170,'4913','IEE-Grêmio dos Funcionários-1289','2014-06-24 15:25:05','2014-06-24 15:25:05'),(171,'4690','IF-Edifício Principal-186','2014-06-24 15:25:05','2014-06-24 15:25:05'),(172,'4691','IF-Conjunto Abrahão de Moraes, Bloco A-123','2014-06-24 15:25:05','2014-06-24 15:25:05'),(173,'4684','IF-Auditório de Física Experimental, Adma Jafet-187','2014-06-24 15:25:05','2014-06-24 15:25:05'),(174,'4600','FMVZ-Anexo do Bloco 17-240','2014-06-24 15:25:05','2014-06-24 15:25:05'),(175,'4671','FMVZ-Canil-240','2014-06-24 15:25:05','2014-06-24 15:25:05'),(176,'4672','FMVZ-Patologia Suína-240','2014-06-24 15:25:05','2014-06-24 15:25:05'),(177,'4599','FMVZ-Galpão de Ruminantes-240','2014-06-24 15:25:05','2014-06-24 15:25:05'),(178,'4598','FMVZ-Galpão de Aves-240','2014-06-24 15:25:05','2014-06-24 15:25:05'),(179,'4636','FO-Oficina e Lavanderia-2227','2014-06-24 15:25:05','2014-06-24 15:25:05'),(180,'4637','FO-Garagem-2227','2014-06-24 15:25:05','2014-06-24 15:25:05'),(181,'4635','FO-Restaurante-2227','2014-06-24 15:25:05','2014-06-24 15:25:05'),(182,'4634','FO-Recepção-2227','2014-06-24 15:25:05','2014-06-24 15:25:05'),(183,'4633','FO-Fundação de Odontologia-2227','2014-06-24 15:25:05','2014-06-24 15:25:05'),(184,'4801','IAG-Biblioteca e Administração-1226','2014-06-24 15:25:05','2014-06-24 15:25:05'),(185,'4802','IAG-Blocos C e D-1226','2014-06-24 15:25:05','2014-06-24 15:25:05'),(186,'4800','IAG-Edifício Principal-1226','2014-06-24 15:25:05','2014-06-24 15:25:05'),(187,'4803','IAG-Blocos A, B e E-1226','2014-06-24 15:25:05','2014-06-24 15:25:05'),(188,'4900','IEE-Metrologia, Ensino e Pesquisa-1289','2014-06-24 15:25:05','2014-06-24 15:25:05'),(189,'4903','IEE-Laboratório de Materiais-1289','2014-06-24 15:25:05','2014-06-24 15:25:05'),(190,'4904','IEE-Oficinas-1289','2014-06-24 15:25:05','2014-06-24 15:25:05'),(191,'4905','IEE-Laboratório de Fundamentos de Energia-1289','2014-06-24 15:25:05','2014-06-24 15:25:05'),(192,'4906','IEE-Laboratório de Conservação de Energia-1289','2014-06-24 15:25:05','2014-06-24 15:25:05'),(193,'4907','IEE-Laboratório de Sistemas Fotovoltáicos-1289','2014-06-24 15:25:05','2014-06-24 15:25:05'),(194,'4908','IEE-Laboratório de Sistemas Fotovoltáicos-1289','2014-06-24 15:25:05','2014-06-24 15:25:05'),(195,'4910','IEE-Edifício da Administração e Almoxarifado Central-1289','2014-06-24 15:25:05','2014-06-24 15:25:05'),(196,'4911','IEE-Pavilhão de Máquinas-1289','2014-06-24 15:25:05','2014-06-24 15:25:05'),(197,'4915','IEE-Edifício de Subestações Compactas-1289','2014-06-24 15:25:05','2014-06-24 15:25:05'),(198,'4912','IEE-Laboratório de Pilhas e Acumuladores-1289','2014-06-24 15:25:05','2014-06-24 15:25:05'),(199,'4601','IF-Edifício Basílio Jafet-187','2014-06-24 15:25:05','2014-06-24 15:25:05'),(200,'4694','IF-Oficina Central, Edifício Van der Graaf-187','2014-06-24 15:25:05','2014-06-24 15:25:05'),(201,'11','IF-Laboratório de Radiação e Alta Tensão-187','2014-06-24 15:25:05','2014-06-24 15:25:05'),(202,'4695','IF-Sociedade Brasileira de Física-187','2014-06-24 15:25:05','2014-06-24 15:25:05'),(203,'4696','IF-Laboratório de Física Experimental-187','2014-06-24 15:25:05','2014-06-24 15:25:05'),(204,'4697','IF-Laboratório de Dosimetria-187','2014-06-24 15:25:05','2014-06-24 15:25:05'),(205,'4579','IF-Bloco C-187','2014-06-24 15:25:05','2014-06-24 15:25:05'),(206,'4700','IF-Laboratório de Física dos Materiais-187','2014-06-24 15:25:05','2014-06-24 15:25:05'),(207,'14','IF-Auditório, Bloco E-187','2014-06-24 15:25:05','2014-06-24 15:25:05'),(208,'4740','Sem Descrição-Sanitários-1466','2014-06-24 15:25:05','2014-06-24 15:25:05'),(209,'3784','IGC-Edifício Principal e Biblioteca-562','2014-06-24 15:25:05','2014-06-24 15:25:05'),(210,'4733','IME-Bloco C-1010','2014-06-24 15:25:05','2014-06-24 15:25:05'),(211,'4121','IME-Bloco A-1010','2014-06-24 15:25:05','2014-06-24 15:25:05'),(212,'4285','PRCEU-Anfiteatro de Convenções Camargo Guarnieri-109','2014-06-24 15:25:05','2014-06-24 15:25:05'),(213,'5007','MAE-Arquivo da Reitoria-SN','2014-06-24 15:25:05','2014-06-24 15:25:05'),(214,'4674','RUSP-Anexo do PRCEU e do Conselho Universitário-109','2014-06-24 15:25:05','2014-06-24 15:25:05'),(215,'4673','RUSP-SAUSP,Rua Francisco dos Santos-SN','2014-06-24 15:25:05','2014-06-24 15:25:05'),(216,'4235','RUSP-Colméias, Conjunto A-181','2014-06-24 15:25:05','2014-06-24 15:25:05'),(217,'4678','RUSP-Colméias, Conjuntos C e D-181','2014-06-24 15:25:05','2014-06-24 15:25:05'),(218,'4199','RUSP-Colméias, Conjunto B-181','2014-06-24 15:25:05','2014-06-24 15:25:05'),(219,'12','IF-Departamento de Fisica Nuclear-187','2014-06-24 15:25:05','2014-06-24 15:25:05'),(220,'13','IF-Conjunto Auditório Alessandro Volta, Bloco D-187','2014-06-24 15:25:05','2014-06-24 15:25:05'),(221,'1214','IQ-Centro de Vivência-580','2014-06-24 15:25:05','2014-06-24 15:25:05'),(222,'4679','FE-Bloco A-SN','2014-06-24 15:25:05','2014-06-24 15:25:05'),(223,'4578','IF-Conjunto Alessandro Volta, Bloco F-187','2014-06-24 15:25:05','2014-06-24 15:25:05'),(224,'4699','IF-Conjunto Alessandro Volta, Blocos A e B-187','2014-06-24 15:25:05','2014-06-24 15:25:05'),(225,'4693','IF-Edificio Pelletron-SN','2014-06-24 15:25:05','2014-06-24 15:25:05'),(226,'4698','IF-Instituto do Milênio de Fluidos Complexos-SN','2014-06-24 15:25:05','2014-06-24 15:25:05'),(227,'4711','CCE-Bloco D','2014-06-24 15:25:05','2014-06-24 15:25:05'),(228,'4730','IQ-Interligação Conjunto das Químicas, Circulação Vertical-SN','2014-06-24 15:25:05','2014-06-24 15:25:05'),(229,'4732','ICB-Biotério de Ratos-SN','2014-06-24 15:25:05','2014-06-24 15:25:05'),(230,'4734','IO-Bloco Didático-SN','2014-06-24 15:25:05','2014-06-24 15:25:05'),(231,'4738','EEFE-Bloco de Laboratórios-SN','2014-06-24 15:25:05','2014-06-24 15:25:05'),(232,'4744','Edifício de Serviços-Sem Descrição-SN','2014-06-24 15:25:05','2014-06-24 15:25:05'),(233,'4804','IAG-Blocos F e G-1226','2014-06-24 15:25:05','2014-06-24 15:25:05'),(234,'4712','EP-Tanque de Provas, Eng. Naval-SN','2014-06-24 15:25:05','2014-06-24 15:25:05'),(235,'4914','IEE-Cabine Elétrica-SN','2014-06-24 15:25:06','2014-06-24 15:25:06'),(236,'5011','IGC-Laboratório de Geocronologia-SN','2014-06-24 15:25:06','2014-06-24 15:25:06'),(237,'5010','IGC-Laboratório de Geocronologia-SN','2014-06-24 15:25:06','2014-06-24 15:25:06'),(238,'4630','FO-Edifício Principal-2227','2014-06-24 15:25:06','2014-06-24 15:25:06'),(239,'4652','MAC-Anexo MAC-SN','2014-06-24 15:25:06','2014-06-24 15:25:06'),(240,'4565','IP-Administração, Bloco G-SN','2014-06-24 15:25:06','2014-06-24 15:25:06'),(241,'5013','PRCEU-Biblioteca Brasiliana-SN','2014-06-24 15:25:06','2014-06-24 15:25:06'),(242,'4276','MAE-Garagem da COCESP-1280','2014-06-24 15:25:06','2014-06-24 15:25:06'),(243,'0000','EACH - Ciclo Básico','2014-06-24 16:01:56','2014-06-24 16:01:56');
/*!40000 ALTER TABLE `buildings` ENABLE KEYS */;
UNLOCK TABLES;

--
-- Table structure for table `checklist_items`
--

DROP TABLE IF EXISTS `checklist_items`;
/*!40101 SET @saved_cs_client     = @@character_set_client */;
/*!40101 SET character_set_client = utf8 */;
CREATE TABLE `checklist_items` (
  `id` int(11) NOT NULL AUTO_INCREMENT,
  `question` varchar(255) COLLATE utf8_unicode_ci DEFAULT NULL,
  `created_at` datetime DEFAULT NULL,
  `updated_at` datetime DEFAULT NULL,
  `equip_type_id` int(11) DEFAULT NULL,
  `current` tinyint(1) DEFAULT NULL,
  PRIMARY KEY (`id`)
) ENGINE=InnoDB AUTO_INCREMENT=228 DEFAULT CHARSET=utf8 COLLATE=utf8_unicode_ci;
/*!40101 SET character_set_client = @saved_cs_client */;

--
-- Dumping data for table `checklist_items`
--

LOCK TABLES `checklist_items` WRITE;
/*!40000 ALTER TABLE `checklist_items` DISABLE KEYS */;
INSERT INTO `checklist_items` VALUES (1,'O equipamento está conservado? ','2014-06-24 15:25:03','2014-06-24 15:25:03',1,NULL),(2,'A faixa livre possui largura livre mínima de 1,20 m?','2014-06-24 15:25:03','2014-06-24 15:25:03',1,NULL),(3,'A faixa livre possui altura livre de qualquer interferência de até 2,10 m?','2014-06-24 15:25:03','2014-06-24 15:25:03',1,NULL),(4,'A faixa livre possui inclinação longitudinal acompanhando o greide da rua?','2014-06-24 15:25:03','2014-06-24 15:25:03',1,NULL),(5,'A faixa livre possui Inclinação transversal de no máximo 2%?','2014-06-24 15:25:03','2014-06-24 15:25:03',1,NULL),(6,'A faixa de serviço possui no mínimo 0,70 m?','2014-06-24 15:25:03','2014-06-24 15:25:03',1,NULL),(7,'O piso dos passeios é de concreto pré-moldado ou moldado in loco, com juntas ou em placas, bloco de concreto intertravado ou ladrilho hidráulico?','2014-06-24 15:25:03','2014-06-24 15:25:03',1,NULL),(8,'Os acessos de estacionamento estão localizados dentro da faixa de serviço ou dentro da faixa de acesso junto aos imóveis, não obstruindo a faixa de livre circulação e não interferindo na sua inclinação transversal?','2014-06-24 15:25:03','2014-06-24 15:25:03',1,NULL),(9,'Os acessos de estacionamento ocupam mais de 1/3 da largura da calçada e respeitam a dimensão mínima de 0,50 m e máxima de 1,00 m?','2014-06-24 15:25:03','2014-06-24 15:25:03',1,NULL),(10,'Os rebaixamentos atendem à Resolução CPA/SEHAB-G/011/2003?','2014-06-24 15:25:03','2014-06-24 15:25:03',1,NULL),(11,'O equipamento está conservado? ','2014-06-24 15:25:03','2014-06-24 15:25:03',2,NULL),(12,'Vagas: estão localizadas próximas ao acesso principal do edifício?','2014-06-24 15:25:03','2014-06-24 15:25:03',2,NULL),(13,'Vagas: Possuem dimensões mínimas de 3,50 m x 5,50 m?','2014-06-24 15:25:03','2014-06-24 15:25:03',2,NULL),(14,'Vagas: Possuem sinalização horizontal pintada no piso?','2014-06-24 15:25:03','2014-06-24 15:25:03',2,NULL),(15,'Vagas: Possuem rebaixamento de guia no alinhamento da faixa de circulação?','2014-06-24 15:25:03','2014-06-24 15:25:03',2,NULL),(16,'O número de vagas reservadas está de acordo com as exigências?','2014-06-24 15:25:03','2014-06-24 15:25:03',2,NULL),(17,'Possui sinalização vertical identificada com placa, de acordo com o Símbolo Internacional de Acesso - SIA?','2014-06-24 15:25:03','2014-06-24 15:25:03',2,NULL),(18,'O equipamento está conservado? ','2014-06-24 15:25:03','2014-06-24 15:25:03',3,NULL),(19,'Os pisos possuem superfície regular, firme, contínua, estável e antiderrapante sob quaisquer condições climáticas?','2014-06-24 15:25:03','2014-06-24 15:25:03',3,NULL),(20,'Possuem percurso livre de obstáculos, com largura mínima de 1,20 m?','2014-06-24 15:25:03','2014-06-24 15:25:03',3,NULL),(21,'A inclinação transversal da superfície é de no máximo 2% para pisos internos e 3% para externos?','2014-06-24 15:25:03','2014-06-24 15:25:03',3,NULL),(22,'No caso de catracas ou cancelas, ao menos uma é acessível às pessoas com deficiência ou mobilidade reduzida?','2014-06-24 15:25:03','2014-06-24 15:25:03',3,NULL),(23,'Em edificações novas: todas as entradas e saídas estão em nível ou possuem rampas ou equipamentos eletromecânicos?','2014-06-24 15:25:03','2014-06-24 15:25:03',3,NULL),(24,'Em edificações existentes: a distância máxima de percurso real da entrada principal (não-acessível) até a entrada acessível é inferior a 50 m','2014-06-24 15:25:03','2014-06-24 15:25:03',3,NULL),(25,'Possuem piso tátil de alerta para sinalização e indicação de mudança de plano da superfície do piso e presença de obstáculos?','2014-06-24 15:25:03','2014-06-24 15:25:03',3,NULL),(26,'Possuem Símbolo Internacional de Acesso - SIA para indicar, localizar e direcionar adequadamente a pessoa com deficiência ou mobilidade reduzida para a rota acessível?','2014-06-24 15:25:03','2014-06-24 15:25:03',3,NULL),(27,'O equipamento está conservado? ','2014-06-24 15:25:03','2014-06-24 15:25:03',4,NULL),(28,'Os desníveis entre 0,5 cm e 1,5 cm possuem acabamento chanfrado na proporção de 1:2?','2014-06-24 15:25:03','2014-06-24 15:25:03',4,NULL),(29,'O equipamento está conservado? ','2014-06-24 15:25:03','2014-06-24 15:25:03',5,NULL),(30,'Vãos: Todas as portas e vãos de passagem possuem largura livre mínima de 0,80 m?','2014-06-24 15:25:03','2014-06-24 15:25:03',5,NULL),(31,'Possuem altura livre mínima de 2,10 m?','2014-06-24 15:25:03','2014-06-24 15:25:03',5,NULL),(32,'Em locais de práticas esportivas as portas possuem largura livre mínima de 1,00 m?','2014-06-24 15:25:03','2014-06-24 15:25:03',5,NULL),(33,'Maçanetas: Todas as maçanetas são do tipo alavanca?','2014-06-24 15:25:03','2014-06-24 15:25:03',5,NULL),(34,'Maçanetas: Estão a uma altura entre 0,90 m e 1,10 m do piso acabado?','2014-06-24 15:25:03','2014-06-24 15:25:03',5,NULL),(35,'Puxador: Todas as portas de sanitários, vestiários e quartos acessíveis possuem puxador horizontal?','2014-06-24 15:25:03','2014-06-24 15:25:03',5,NULL),(36,'Puxador: Está a uma altura de 0,90 m de eixo a piso?','2014-06-24 15:25:03','2014-06-24 15:25:03',5,NULL),(37,'Puxador: O comprimento é igual à metade da largura da porta?','2014-06-24 15:25:03','2014-06-24 15:25:03',5,NULL),(38,'Visores: Os visores das portas do tipo vaivém possuem altura inferior iniciando entre 0,40 m e 0,90 m?','2014-06-24 15:25:03','2014-06-24 15:25:03',5,NULL),(39,'Possuem altura superior no mínimo a 1,50 m do piso acabado?','2014-06-24 15:25:03','2014-06-24 15:25:03',5,NULL),(40,'Possuem largura mínima de 0,20 m?','2014-06-24 15:25:03','2014-06-24 15:25:03',5,NULL),(41,'As portas dos ambientes comuns, como sanitários, salas de aula, saídas de emergência e outros, possuem sinalização visual e tátil?','2014-06-24 15:25:03','2014-06-24 15:25:03',5,NULL),(42,'O equipamento está conservado? ','2014-06-24 15:25:03','2014-06-24 15:25:03',6,NULL),(43,'A rampa possui largura mínima de 1,20 m para obras novas ou 0,90 m para reformas?','2014-06-24 15:25:03','2014-06-24 15:25:03',6,NULL),(44,'O patamar possui no mínimo de 1,20 m de comprimento?','2014-06-24 15:25:03','2014-06-24 15:25:03',6,NULL),(45,'Guia de balizamento: A rampa possui paredes laterais ou guia de balizamento?','2014-06-24 15:25:03','2014-06-24 15:25:03',6,NULL),(46,'A guia de balizamento possui altura mínima de 5 cm executadas nas projeções dos guardacorpos?','2014-06-24 15:25:03','2014-06-24 15:25:03',6,NULL),(47,'Piso tátil: A rampa possui piso tátil de alerta com largura entre 0,25 m e 0,60 m localizado antes do início e após o término da rampa?','2014-06-24 15:25:03','2014-06-24 15:25:03',6,NULL),(48,'O piso tátil de alerta está distante no máximo 0,32 m da mudança de plano?','2014-06-24 15:25:03','2014-06-24 15:25:03',6,NULL),(49,'Corrimão: A rampa possui corrimão contínuo nos dois lados?','2014-06-24 15:25:03','2014-06-24 15:25:03',6,NULL),(50,'Corrimão: Possui dupla altura de 0,70 m e 0,92 m?','2014-06-24 15:25:03','2014-06-24 15:25:03',6,NULL),(51,'Corrimão: Possui prolongamento de 0,30 m nas extremidades?','2014-06-24 15:25:03','2014-06-24 15:25:03',6,NULL),(52,'A rampa com mais de 2,40 m de largura possui corrimão central, além dos laterais?','2014-06-24 15:25:03','2014-06-24 15:25:03',6,NULL),(53,'Rampa em curva: a rampa em curva possui inclinação máxima de 8,33%?','2014-06-24 15:25:03','2014-06-24 15:25:03',6,NULL),(54,'Rampa em curva: Possui raio de 3,00 m no mínimo, medidos no perímetro interno à curva?','2014-06-24 15:25:03','2014-06-24 15:25:03',6,NULL),(55,'A inclinação transversal máxima da rampa é de 2% em rampas internas e 3% em rampas externas?','2014-06-24 15:25:03','2014-06-24 15:25:03',6,NULL),(56,'Corrimão: Possui seção circular entre 3,0 cm e 4,5 cm?','2014-06-24 15:25:03','2014-06-24 15:25:03',6,NULL),(57,'Corrimão: Permite passagem contínua da mão?','2014-06-24 15:25:03','2014-06-24 15:25:03',6,NULL),(58,'O equipamento está conservado? ','2014-06-24 15:25:03','2014-06-24 15:25:03',7,NULL),(59,'A escada possui largura mínima de 1,20 m?','2014-06-24 15:25:03','2014-06-24 15:25:03',7,NULL),(60,'O patamar possui comprimento mínimo de 1,20 m?','2014-06-24 15:25:03','2014-06-24 15:25:03',7,NULL),(61,'Piso tátil: A escada possui piso tátil de alerta com largura entre 0,25 m e 0,60 m localizado antes do início e após o término da escada?','2014-06-24 15:25:03','2014-06-24 15:25:03',7,NULL),(62,'Piso tátil: O piso tátil de alerta está distante no máximo 0,32 m da mudança de plano?','2014-06-24 15:25:03','2014-06-24 15:25:03',7,NULL),(63,'Piso tátil: O degrau isolado possui piso tátil de alerta com largura entre 0,25 m e 0,60 m localizado antes do início e após o término do degrau?','2014-06-24 15:25:03','2014-06-24 15:25:03',7,NULL),(64,'Piso tátil: O piso tátil de alerta está distante no máximo 0,32 m antes do início e após o término do degrau?','2014-06-24 15:25:03','2014-06-24 15:25:03',7,NULL),(65,'Corrimão: A escada possui corrimão contínuo nos dois lados?','2014-06-24 15:25:03','2014-06-24 15:25:03',7,NULL),(66,'Corrimão: Possui altura de 0,92 m?','2014-06-24 15:25:03','2014-06-24 15:25:03',7,NULL),(67,'Corrimão: Possui prolongamento de 0,30 m nas extremidades?','2014-06-24 15:25:03','2014-06-24 15:25:03',7,NULL),(68,'Corrimão: A escada com mais de 2,40 m de largura possui corrimão central, além dos laterais?','2014-06-24 15:25:03','2014-06-24 15:25:03',7,NULL),(69,'A inclinação transversal dos degraus é de no máximo 1%?','2014-06-24 15:25:03','2014-06-24 15:25:03',7,NULL),(70,'Corrimão: Possui seção circular entre 3,0 cm e 4,5 cm?','2014-06-24 15:25:03','2014-06-24 15:25:03',7,NULL),(71,'Corrimão: Permitem passagem contínua da mão?','2014-06-24 15:25:03','2014-06-24 15:25:03',7,NULL),(72,'Todos os degraus possuem sinalização visual em cor contrastante na borda do piso, comprimento mínimo de 20 cm e largura entre 2 cm e 3 cm?','2014-06-24 15:25:03','2014-06-24 15:25:03',7,NULL),(73,'O equipamento está conservado? ','2014-06-24 15:25:03','2014-06-24 15:25:03',8,NULL),(74,'Todos os elevadores de passageiros, que foram adequados para atender pessoas com deficiência, atendem à NM 313:2007?','2014-06-24 15:25:03','2014-06-24 15:25:03',8,NULL),(75,'O elevador, em edificações novas, possui cabina com dimensões mínimas de 1,10m (largura) x 1,40 m (profundidade)?','2014-06-24 15:25:03','2014-06-24 15:25:03',8,NULL),(76,'O elevador adaptado, em edificações existentes, possui cabina com dimensão mínima de 1,00 m (largura) x 1,25 m (profundidade)?','2014-06-24 15:25:03','2014-06-24 15:25:03',8,NULL),(77,'Piso tátil: O elevador possui piso tátil de alerta junto à porta com largura entre 0,25 m e 0,60 m?','2014-06-24 15:25:03','2014-06-24 15:25:03',8,NULL),(78,'Piso tátil: O piso tátil de alerta está distante no máximo 0,32 m da porta?','2014-06-24 15:25:03','2014-06-24 15:25:03',8,NULL),(79,'As botoeiras do elevador estão localizadas entre a altura mínima de 0,89 m e máxima de 1,35 m do piso?','2014-06-24 15:25:03','2014-06-24 15:25:03',8,NULL),(80,'O elevador possui espelho fixado na parede oposta à porta?','2014-06-24 15:25:03','2014-06-24 15:25:03',8,NULL),(81,'O elevador possui sinalização em Braille ao lado esquerdo do botão correspondente?','2014-06-24 15:25:03','2014-06-24 15:25:03',8,NULL),(82,'O elevador possui registro visível e audível dado a cada operação individual do botão?','2014-06-24 15:25:03','2014-06-24 15:25:03',8,NULL),(83,'O elevador possui sinal sonoro diferenciado para subida e descida?','2014-06-24 15:25:03','2014-06-24 15:25:03',8,NULL),(84,'O elevador possui comunicação sonora interna indicando o andar em que o elevador se encontra parado?','2014-06-24 15:25:03','2014-06-24 15:25:03',8,NULL),(85,'O elevador possui identificação do pavimento afixada em ambos os lados do batente do elevador, respeitando a altura entre 0,90 m e 1,10 m?','2014-06-24 15:25:03','2014-06-24 15:25:03',8,NULL),(86,'O elevador possui dispositivo de comunicação para solicitação de auxílio?','2014-06-24 15:25:03','2014-06-24 15:25:03',8,NULL),(87,'O equipamento está conservado? ','2014-06-24 15:25:03','2014-06-24 15:25:03',9,NULL),(88,'O percurso máximo é de no máximo 12 m de altura?','2014-06-24 15:25:03','2014-06-24 15:25:03',9,NULL),(89,'Possui dimensões mínimas de 0,90 m de largura e 1,30 m de profundidade?','2014-06-24 15:25:03','2014-06-24 15:25:03',9,NULL),(90,'O equipamento está conservado? ','2014-06-24 15:25:03','2014-06-24 15:25:03',10,NULL),(91,'A plataforma, de uso privado, possui dimensões mínimas 0,80 m x 1,25 m?','2014-06-24 15:25:03','2014-06-24 15:25:03',10,NULL),(92,'A plataforma, de uso público, possui dimensões mínimas de 0,90 m x 1,40 m?','2014-06-24 15:25:03','2014-06-24 15:25:03',10,NULL),(93,'A plataforma obstrui a escada?','2014-06-24 15:25:03','2014-06-24 15:25:03',10,NULL),(94,'Percurso Vertical: O desnível vencido é de até 2,00 m em edificações de uso público ou coletivo?','2014-06-24 15:25:03','2014-06-24 15:25:03',10,NULL),(95,'Percurso Vertical: O desnível vencido é de até 4,00 m em edificações de uso particular?','2014-06-24 15:25:03','2014-06-24 15:25:03',10,NULL),(96,'Percurso Vertical: Possui fechamento contínuo até 1,10 m do piso?','2014-06-24 15:25:03','2014-06-24 15:25:03',10,NULL),(97,'Percurso Vertical: Em desníveis superiores a 2,00 m em edificação de uso público ou coletivo a plataforma possui caixa enclausurada?','2014-06-24 15:25:03','2014-06-24 15:25:03',10,NULL),(98,'Percurso Vertical: Na passagem através da laje existe caixa enclausurada?','2014-06-24 15:25:03','2014-06-24 15:25:03',10,NULL),(99,'A projeção do seu percurso está sinalizada no piso?','2014-06-24 15:25:03','2014-06-24 15:25:03',10,NULL),(100,'Possui Símbolo Internacional de Acesso - SIA, visível em todos os pavimentos?','2014-06-24 15:25:03','2014-06-24 15:25:03',10,NULL),(101,'Percurso inclinado: Possui parada programada nos patamares ou a cada 3,20 m?','2014-06-24 15:25:03','2014-06-24 15:25:03',10,NULL),(102,'Percurso inclinado: Possui assento escamoteável?','2014-06-24 15:25:03','2014-06-24 15:25:03',10,NULL),(103,'Percurso inclinado: Possui sinalização tátil e visual informando a obrigatoriedade de acompanhamento de pessoa habilitada na área de embarque?','2014-06-24 15:25:03','2014-06-24 15:25:03',10,NULL),(104,'Percurso inclinado: Possui sistema de solicitação de socorro e dispositivo de comunicação?','2014-06-24 15:25:03','2014-06-24 15:25:03',10,NULL),(105,'Percurso inclinado: Possui sinalização visual demarcando a área de embarque?','2014-06-24 15:25:03','2014-06-24 15:25:03',10,NULL),(106,'Percurso inclinado: Possui sinalização visual demarcando a projeção do percurso do equipamento com alarme sonoro e luminoso que indiquem seu movimento?','2014-06-24 15:25:03','2014-06-24 15:25:03',10,NULL),(107,'Percurso inclinado: A velocidade é menor do que 0,15 m/s, com dispositivo de segurança para controle de velocidade acionado automaticamente, caso a velocidade exceda 0,3 m/s?','2014-06-24 15:25:03','2014-06-24 15:25:03',10,NULL),(108,'Percurso inclinado: O guarda-rodas possui altura mínima de 0,10 m em todas as laterais?','2014-06-24 15:25:03','2014-06-24 15:25:03',10,NULL),(109,'O equipamento está conservado? ','2014-06-24 15:25:03','2014-06-24 15:25:03',11,NULL),(110,'Piso tátil: A escada rolante possui piso tátil de alerta com largura entre 0,25 m e 0,60 m localizado antes do início e após o término da escada rolante?','2014-06-24 15:25:03','2014-06-24 15:25:03',11,NULL),(111,'Piso tátil: O piso tátil de alerta está distante no máximo 0,32 m da mudança de plano?','2014-06-24 15:25:03','2014-06-24 15:25:03',11,NULL),(112,'A escada rolante possui sinalização visual com instruções de uso?','2014-06-24 15:25:03','2014-06-24 15:25:03',11,NULL),(113,'A escada rolante com plataforma para cadeira de rodas possui sinalização visual e tátil informando a obrigatoriedade de acompanhamento por pessoa habilitada durante sua utilização por pessoa em cadeira de rodas?','2014-06-24 15:25:03','2014-06-24 15:25:03',11,NULL),(114,'O equipamento está conservado? ','2014-06-24 15:25:03','2014-06-24 15:25:03',12,NULL),(115,'Piso tátil: A escada rolante possui piso tátil de alerta com largura entre 0,25 m e 0,60 m localizado antes do início e após o término da escada rolante?','2014-06-24 15:25:03','2014-06-24 15:25:03',12,NULL),(116,'Piso tátil: O piso tátil de alerta está distante no máximo 0,32 m da mudança de plano?','2014-06-24 15:25:03','2014-06-24 15:25:03',12,NULL),(117,'A esteira rolante possui sinalização visual com instruções de uso?','2014-06-24 15:25:03','2014-06-24 15:25:03',12,NULL),(118,'A esteira rolante com inclinação superior a 5%, possui sinalização visual informando a obrigatoriedade de acompanhamento por pessoa habilitada durante sua utilização por pessoa em cadeira de rodas?','2014-06-24 15:25:03','2014-06-24 15:25:03',12,NULL),(119,'O equipamento está conservado? ','2014-06-24 15:25:03','2014-06-24 15:25:03',13,NULL),(120,'O sanitário acessível possui instalação de dispositivo de sinalização de emergência ao lado da bacia com altura de 0,40 m do piso?','2014-06-24 15:25:03','2014-06-24 15:25:03',13,NULL),(121,'Possui no mínimo 5% para cada sexo(com no mínimo uma peça) do total de cada peça existente das instalações sanitárias adequada ao uso da pessoa com deficiência?','2014-06-24 15:25:03','2014-06-24 15:25:03',13,NULL),(122,'Nas edificações novas: O sanitário acessível possui dimensão mínima de 1,50 m (largura) x 1,70 m (profundidade)?','2014-06-24 15:25:03','2014-06-24 15:25:03',13,NULL),(123,'Nas edificações novas: A porta possui 0,80 m de vão livre?','2014-06-24 15:25:03','2014-06-24 15:25:03',13,NULL),(124,'Nas edificações novas: Possui área de manobra que permita rotação de 180° (1,20 m x 1,50 m) internamente ao boxe?','2014-06-24 15:25:03','2014-06-24 15:25:03',13,NULL),(125,'Nas edificações existentes: O sanitário acessível possui dimensão mínima de 1,50 m x 1,50 m?','2014-06-24 15:25:03','2014-06-24 15:25:03',13,NULL),(126,'Nas edificações existentes: A porta possui 1,00 m de vão livre?','2014-06-24 15:25:03','2014-06-24 15:25:03',13,NULL),(127,'Nas edificações existentes: Possui área de manobra que permita rotação de 180° (1,20 m x 1,50 m) externamente ao boxe?','2014-06-24 15:25:03','2014-06-24 15:25:03',13,NULL),(128,'O equipamento está conservado? ','2014-06-24 15:25:03','2014-06-24 15:25:03',14,NULL),(129,'Possui área de transferência lateral, diagonal e perpendicular?','2014-06-24 15:25:03','2014-06-24 15:25:03',14,NULL),(130,'As bacias de sanitário acessível possuem 0,46 m de altura da borda superior ao piso acabado?','2014-06-24 15:25:03','2014-06-24 15:25:03',14,NULL),(131,'As barras de apoio possuem altura e dimensões adequadas?','2014-06-24 15:25:03','2014-06-24 15:25:03',14,NULL),(132,'A papeleira embutida: Da bacia acessível está localizada a uma altura de 0,50 m a 0,60 m do piso acabado?','2014-06-24 15:25:03','2014-06-24 15:25:03',14,NULL),(133,'A papeleira embutida: Possui distância máxima de 0,15 m da borda frontal da bacia?','2014-06-24 15:25:03','2014-06-24 15:25:03',14,NULL),(134,'A papeleira sobreposta: Da bacia acessível está localizada a uma altura de 1,00 m a 1,20 m do piso acabado?','2014-06-24 15:25:03','2014-06-24 15:25:03',14,NULL),(135,'A papeleira sobreposta: Possui distância máxima de 0,15 m da borda frontal da bacia?','2014-06-24 15:25:03','2014-06-24 15:25:03',14,NULL),(136,'O equipamento está conservado? ','2014-06-24 15:25:03','2014-06-24 15:25:03',15,NULL),(137,'O lavatório possui área de aproximação frontal para usuários em cadeiras de rodas?','2014-06-24 15:25:03','2014-06-24 15:25:03',15,NULL),(138,'Possui comandos de torneira do tipo monocomando, alavanca ou sensor eletrônico?','2014-06-24 15:25:03','2014-06-24 15:25:03',15,NULL),(139,'O lavatório: Está instalado entre 0,78 m e 0,80 m do piso em relação à sua face superior?','2014-06-24 15:25:03','2014-06-24 15:25:03',15,NULL),(140,'O lavatório: Permite altura livre de 0,73 m, sem colunas ou gabinetes, com proteção para o sifão e a tubulação?','2014-06-24 15:25:03','2014-06-24 15:25:03',15,NULL),(141,'O lavatório possui barra de apoio na horizontal na altura adequada?','2014-06-24 15:25:03','2014-06-24 15:25:03',15,NULL),(142,'O espelho do sanitário acessível: Possui a borda inferior na altura de no máximo 0,90 m em relação ao piso acabado?','2014-06-24 15:25:03','2014-06-24 15:25:03',15,NULL),(143,'O espelho do sanitário acessível: Quando inclinados a 10°, a borda inferior está na altura de no máximo 1,10 m em relação ao piso acabado?','2014-06-24 15:25:03','2014-06-24 15:25:03',15,NULL),(144,'O equipamento está conservado? ','2014-06-24 15:25:03','2014-06-24 15:25:03',16,NULL),(145,'O mictório acessível possui área de aproximação frontal?','2014-06-24 15:25:03','2014-06-24 15:25:03',16,NULL),(146,'Possui barras verticais com dimensões e alturas adequadas?','2014-06-24 15:25:03','2014-06-24 15:25:03',16,NULL),(147,'Possui afastamento máximo entre as barras de 0,60 m?','2014-06-24 15:25:03','2014-06-24 15:25:03',16,NULL),(148,'O mictório está instalado a uma altura de 0,60 m a 0,65 m da borda frontal?','2014-06-24 15:25:03','2014-06-24 15:25:03',16,NULL),(149,'O equipamento está conservado? ','2014-06-24 15:25:03','2014-06-24 15:25:03',17,NULL),(150,'O boxe do chuveiro acessível possui área de transferência externa ao boxe, permitindo a aproximação paralela da pessoa em cadeira de rodas?','2014-06-24 15:25:03','2014-06-24 15:25:03',17,NULL),(151,'Possui barras de apoio na vertical, horizontal ou em \'L\' com dimensões e alturas adequadas?','2014-06-24 15:25:03','2014-06-24 15:25:03',17,NULL),(152,'O banco: Possui dimensões mínimas de 0,70 m x 0,45 m?','2014-06-24 15:25:03','2014-06-24 15:25:03',17,NULL),(153,'O banco: Possui os cantos arredondados?','2014-06-24 15:25:03','2014-06-24 15:25:03',17,NULL),(154,'O banco: A superfície é antiderrapante e impermeável?','2014-06-24 15:25:03','2014-06-24 15:25:03',17,NULL),(155,'Possui torneiras do tipo monocomando acionadas por alavanca?','2014-06-24 15:25:03','2014-06-24 15:25:03',17,NULL),(156,'Possui ducha manual localizada a 1 m de altura do piso?','2014-06-24 15:25:03','2014-06-24 15:25:03',17,NULL),(157,'A saboneteira e o porta-toalhas estão localizados entre 0,80 m e 1,20 m do piso acabado?','2014-06-24 15:25:03','2014-06-24 15:25:03',17,NULL),(158,'O desnível máximo entre o boxe do chuveiro e o restante do sanitário é de no máximo 1,5 cm chanfrado com inclinação de 1:2 (50%)?','2014-06-24 15:25:03','2014-06-24 15:25:03',17,NULL),(159,'O equipamento está conservado? ','2014-06-24 15:25:04','2014-06-24 15:25:04',18,NULL),(160,'A banheira possui área de transferência lateral?','2014-06-24 15:25:04','2014-06-24 15:25:04',18,NULL),(161,'O banco: possui superfície antiderrapante e impermeável?','2014-06-24 15:25:04','2014-06-24 15:25:04',18,NULL),(162,'O banco: Está localizado a uma altura de 0,46 m do piso acabado?','2014-06-24 15:25:04','2014-06-24 15:25:04',18,NULL),(163,'Possui barras verticais e horizontais com dimensões e alturas adequadas?','2014-06-24 15:25:04','2014-06-24 15:25:04',18,NULL),(164,'Possui torneira do tipo monocomando acionadas por alavanca?','2014-06-24 15:25:04','2014-06-24 15:25:04',18,NULL),(165,'O equipamento está conservado? ','2014-06-24 15:25:04','2014-06-24 15:25:04',19,NULL),(166,'O vestiário permite áreas de manobras para transferência?','2014-06-24 15:25:04','2014-06-24 15:25:04',19,NULL),(167,'Possui área de circulação para usuários de cadeira de rodas?','2014-06-24 15:25:04','2014-06-24 15:25:04',19,NULL),(168,'Possui banco provido de encosto com no mínimo 0,45 m de profundidade?','2014-06-24 15:25:04','2014-06-24 15:25:04',19,NULL),(169,'Vestiários em cabinas individuais: Possuem superfície para a troca de roupa com dimensões de 1,80 m x 0,80 m?','2014-06-24 15:25:04','2014-06-24 15:25:04',19,NULL),(170,'Vestiários em cabinas individuais: Possuem superfície para a troca de roupa com altura de 0,46 m do piso?','2014-06-24 15:25:04','2014-06-24 15:25:04',19,NULL),(171,'Vestiários em cabinas individuais: Está associada a barras de apoio horizontal com dimensões e alturas adequadas?','2014-06-24 15:25:04','2014-06-24 15:25:04',19,NULL),(172,'O equipamento está conservado? ','2014-06-24 15:25:04','2014-06-24 15:25:04',20,NULL),(173,'A rota de fuga possui uma área de resgate de 0,80 m x 1,20 m, ventilada e fora do fluxo de circulação, para cada 500 pessoas?','2014-06-24 15:25:04','2014-06-24 15:25:04',20,NULL),(174,'O equipamento está conservado? ','2014-06-24 15:25:04','2014-06-24 15:25:04',21,NULL),(175,'O local de reunião possui quantidade adequada de espaços para pessoas em cadeira de rodas (PCR)?','2014-06-24 15:25:04','2014-06-24 15:25:04',21,NULL),(176,'O local de reunião possui quantidade adequada de assentos reservados para pessoa com mobilidade reduzida (PMR)?','2014-06-24 15:25:04','2014-06-24 15:25:04',21,NULL),(177,'O local de reunião possui quantidade adequada de assentos reservados para pessoa obesa (PO)?','2014-06-24 15:25:04','2014-06-24 15:25:04',21,NULL),(178,'Os espaços reservados para pessoa em cadeira de rodas: Estão associados a um assento fixo para acompanhante?','2014-06-24 15:25:04','2014-06-24 15:25:04',21,NULL),(179,'Os espaços reservados para pessoa em cadeira de rodas: Possuem dimensão mínima de 0,80 m x 1,20 m?','2014-06-24 15:25:04','2014-06-24 15:25:04',21,NULL),(180,'Os espaços reservados para pessoa em cadeira de rodas: Estão deslocados 0,30 m em relação à cadeira ao lado?','2014-06-24 15:25:04','2014-06-24 15:25:04',21,NULL),(181,'Os assentos reservados para pessoa com mobilidade reduzida possuem um espaço livre frontal de no mínimo 0,60 m?','2014-06-24 15:25:04','2014-06-24 15:25:04',21,NULL),(182,'Os assentos reservados para pessoa obesa: Possuem largura equivalente à de dois assentos adotados no local?','2014-06-24 15:25:04','2014-06-24 15:25:04',21,NULL),(183,'Os assentos reservados para pessoa obesa: Possuem espaço livre frontal de no mínimo 0,60 m?','2014-06-24 15:25:04','2014-06-24 15:25:04',21,NULL),(184,'Palco: Possui rampa ou equipamento eletromecânico para acesso?','2014-06-24 15:25:04','2014-06-24 15:25:04',21,NULL),(185,'Palco: No caso de rampa: Essa possui largura mínima de 0,90m?','2014-06-24 15:25:04','2014-06-24 15:25:04',21,NULL),(186,'Palco: No caso de rampa: A inclinação é de no máximo 1:6 (16,66%), para altura de até 0,60 m?','2014-06-24 15:25:04','2014-06-24 15:25:04',21,NULL),(187,'Palco: No caso de rampa: A inclinação é de no máximo de 1:10 (10%), para alturas superiores a 0,60 m?','2014-06-24 15:25:04','2014-06-24 15:25:04',21,NULL),(188,'Palco: No caso de rampa: Possui guia de balizamento ou corrimão?','2014-06-24 15:25:04','2014-06-24 15:25:04',21,NULL),(189,'Existe pelo menos um camarim acessível feminino e um masculino?','2014-06-24 15:25:04','2014-06-24 15:25:04',21,NULL),(190,'Banco para pessoas obesas: Suportam uma carga de no mínimo 250 kg?','2014-06-24 15:25:04','2014-06-24 15:25:04',21,NULL),(191,'A bilheteria acessível: Possui altura máxima de 1,05 m do piso acabado? ','2014-06-24 15:25:04','2014-06-24 15:25:04',21,NULL),(192,'A bilheteria acessível: Está sinalizada com o Símbolo Internacional de Acesso - SIA?','2014-06-24 15:25:04','2014-06-24 15:25:04',21,NULL),(193,'O equipamento está conservado? ','2014-06-24 15:25:04','2014-06-24 15:25:04',22,NULL),(194,'Os locais de hospedagem possuem pelo menos 5%, com no mínimo um, do total de dormitórios e sanitário acessíveis às pessoas com deficiência ou mobilidade reduzida?','2014-06-24 15:25:04','2014-06-24 15:25:04',22,NULL),(195,'Os sanitários possuem dispositivo de chamada para casos de emergência?','2014-06-24 15:25:04','2014-06-24 15:25:04',22,NULL),(196,'O equipamento está conservado? ','2014-06-24 15:25:04','2014-06-24 15:25:04',23,NULL),(197,'Nos locais de serviços de saúde que comportem internações de pacientes, pelo menos 10% com no mínimo um dos sanitários em apartamentos são acessíveis?','2014-06-24 15:25:04','2014-06-24 15:25:04',23,NULL),(198,'Os ambulatórios, postos de saúde, prontos-socorros, laboratórios de análises clínicas, centros de diagnósticos, entre outros, possuem pelo menos 10% de sanitários acessíveis, sendo no mínimo um por pavimento?','2014-06-24 15:25:04','2014-06-24 15:25:04',23,NULL),(199,'Pelo menos uma das salas para cada tipo de serviço prestado é acessível e está em rota acessível?','2014-06-24 15:25:04','2014-06-24 15:25:04',23,NULL),(200,'O equipamento está conservado? ','2014-06-24 15:25:04','2014-06-24 15:25:04',24,NULL),(201,'A largura livre mínima para aproximação é de 0,80 m?','2014-06-24 15:25:04','2014-06-24 15:25:04',24,NULL),(202,'A pia possui altura de no máximo 0,85 m do piso acabado?','2014-06-24 15:25:04','2014-06-24 15:25:04',24,NULL),(203,'A altura livre inferior é de no mínimo 0,73 m?','2014-06-24 15:25:04','2014-06-24 15:25:04',24,NULL),(204,'O equipamento está conservado? ','2014-06-24 15:25:04','2014-06-24 15:25:04',25,NULL),(205,'Existe percurso acessível interligando quadras, vestiários, sanitários e espaços reservados na arquibancada?','2014-06-24 15:25:04','2014-06-24 15:25:04',25,NULL),(206,'As portas e vãos de passagem possuem vão livre de no mínimo 1,00 m?','2014-06-24 15:25:04','2014-06-24 15:25:04',25,NULL),(207,'A arquibancada possui quantidade adequada de espaços reservados para pessoas em cadeira de rodas (PCR)?','2014-06-24 15:25:04','2014-06-24 15:25:04',25,NULL),(208,'A arquibancada possui quantidade adequada de assentos reservados para pessoa com mobilidade reduzida (PMR)?','2014-06-24 15:25:04','2014-06-24 15:25:04',25,NULL),(209,'A arquibancada possui quantidade adequada de assentos reservados para pessoa obesa (PO)?','2014-06-24 15:25:04','2014-06-24 15:25:04',25,NULL),(210,'Os espaços reservados para pessoa em cadeira de rodas: Estão associados a um assento fixo para acompanhante?','2014-06-24 15:25:04','2014-06-24 15:25:04',25,NULL),(211,'Os espaços reservados para pessoa em cadeira de rodas: Possuem dimensão mínima de 0,80 m x 1,20 m?','2014-06-24 15:25:04','2014-06-24 15:25:04',25,NULL),(212,'Os espaços reservados para pessoa em cadeira de rodas: Estão deslocados 0,30 m em relação à cadeira ao lado?','2014-06-24 15:25:04','2014-06-24 15:25:04',25,NULL),(213,'Os assentos reservados para pessoa com mobilidade reduzida possuem um espaço livre frontal de no mínimo 0,60 m?','2014-06-24 15:25:04','2014-06-24 15:25:04',25,NULL),(214,'Os assentos reservados para pessoa obesa: Possuem largura equivalente à de dois assentos adotados no local?','2014-06-24 15:25:04','2014-06-24 15:25:04',25,NULL),(215,'Os assentos reservados para pessoa obesa: Possuem espaço livre frontal de no mínimo 0,60 m?','2014-06-24 15:25:04','2014-06-24 15:25:04',25,NULL),(216,'A piscina possui acesso à água com banco para transferência associado ou degraus ou rampa submersos?','2014-06-24 15:25:04','2014-06-24 15:25:04',25,NULL),(217,'Assento para obesos: Suportam uma carga de no mínimo 250 kg?','2014-06-24 15:25:04','2014-06-24 15:25:04',25,NULL),(218,'O banco de transferência: Possui altura de 0,46 m?','2014-06-24 15:25:04','2014-06-24 15:25:04',25,NULL),(219,'O banco de transferência: Possui extensão de no mínimo 1,20 m?','2014-06-24 15:25:04','2014-06-24 15:25:04',25,NULL),(220,'O banco de transferência: Possui profundidade de 0,45 m?','2014-06-24 15:25:04','2014-06-24 15:25:04',25,NULL),(221,'A escada ou rampa submersa: Possuem corrimãos em três alturas, de ambos os lados?','2014-06-24 15:25:04','2014-06-24 15:25:04',25,NULL),(222,'A escada ou rampa submersa: Estão nas seguintes alturas: 0,45 m, 0,70 m e 0,92 m?','2014-06-24 15:25:04','2014-06-24 15:25:04',25,NULL),(223,'A escada ou rampa submersa: A distância livre entre eles é de no mínimo 0,80 m e no máximo 1,00 m?','2014-06-24 15:25:04','2014-06-24 15:25:04',25,NULL),(224,'Os degraus submersos: Têm piso de no mínimo 0,46 m?','2014-06-24 15:25:04','2014-06-24 15:25:04',25,NULL),(225,'Os degraus submersos: Possuem espelho de no máximo 0,20 m?','2014-06-24 15:25:04','2014-06-24 15:25:04',25,NULL),(226,'O piso no entorno das piscinas possui superfície antiderrapante?','2014-06-24 15:25:04','2014-06-24 15:25:04',25,NULL),(227,'As bordas e degraus de acesso à água possuem acabamento arredondado?','2014-06-24 15:25:04','2014-06-24 15:25:04',25,NULL);
/*!40000 ALTER TABLE `checklist_items` ENABLE KEYS */;
UNLOCK TABLES;

--
-- Table structure for table `equip_types`
--

DROP TABLE IF EXISTS `equip_types`;
/*!40101 SET @saved_cs_client     = @@character_set_client */;
/*!40101 SET character_set_client = utf8 */;
CREATE TABLE `equip_types` (
  `id` int(11) NOT NULL AUTO_INCREMENT,
  `kind` varchar(255) COLLATE utf8_unicode_ci DEFAULT NULL,
  `created_at` datetime DEFAULT NULL,
  `updated_at` datetime DEFAULT NULL,
  PRIMARY KEY (`id`)
) ENGINE=InnoDB AUTO_INCREMENT=26 DEFAULT CHARSET=utf8 COLLATE=utf8_unicode_ci;
/*!40101 SET character_set_client = @saved_cs_client */;

--
-- Dumping data for table `equip_types`
--

LOCK TABLES `equip_types` WRITE;
/*!40000 ALTER TABLE `equip_types` DISABLE KEYS */;
INSERT INTO `equip_types` VALUES (1,'PASSEIO PÚBLICO','2014-06-24 15:25:03','2014-06-24 15:25:03'),(2,'ESTACIONAMENTO','2014-06-24 15:25:03','2014-06-24 15:25:03'),(3,'ENTRADAS E SAÍDAS','2014-06-24 15:25:03','2014-06-24 15:25:03'),(4,'DESNÍVEIS','2014-06-24 15:25:03','2014-06-24 15:25:03'),(5,'PORTAS E ABERTURAS','2014-06-24 15:25:03','2014-06-24 15:25:03'),(6,'RAMPA','2014-06-24 15:25:03','2014-06-24 15:25:03'),(7,'ESCADA E DEGRAUS ISOLADOS','2014-06-24 15:25:03','2014-06-24 15:25:03'),(8,'ELEVADOR DE PASSAGEIROS','2014-06-24 15:25:03','2014-06-24 15:25:03'),(9,'ELEVADOR EXCLUSIVO PARA PESSOA COM DEFICIÊNCIA','2014-06-24 15:25:03','2014-06-24 15:25:03'),(10,'PLATAFORMA ELEVATÓRIA','2014-06-24 15:25:03','2014-06-24 15:25:03'),(11,'ESCADA ROLANTE','2014-06-24 15:25:03','2014-06-24 15:25:03'),(12,'ESTEIRA ROLANTE','2014-06-24 15:25:03','2014-06-24 15:25:03'),(13,'BOXE ADAPTADO DE SANITÁRIOS','2014-06-24 15:25:03','2014-06-24 15:25:03'),(14,'BACIA SANITÁRIA','2014-06-24 15:25:03','2014-06-24 15:25:03'),(15,'LAVATÓRIO','2014-06-24 15:25:03','2014-06-24 15:25:03'),(16,'MICTÓRIOS','2014-06-24 15:25:03','2014-06-24 15:25:03'),(17,'CHUVEIRO','2014-06-24 15:25:03','2014-06-24 15:25:03'),(18,'BANHEIRA','2014-06-24 15:25:03','2014-06-24 15:25:03'),(19,'VESTIÁRIOS','2014-06-24 15:25:04','2014-06-24 15:25:04'),(20,'ROTAS DE FUGA','2014-06-24 15:25:04','2014-06-24 15:25:04'),(21,'LOCAIS DE REUNIÃO','2014-06-24 15:25:04','2014-06-24 15:25:04'),(22,'LOCAIS DE HOSPEDAGEM','2014-06-24 15:25:04','2014-06-24 15:25:04'),(23,'SERVIÇOS DE SAÚDE','2014-06-24 15:25:04','2014-06-24 15:25:04'),(24,'COPA E COZINHA','2014-06-24 15:25:04','2014-06-24 15:25:04'),(25,'LOCAIS DE ESPORTE, LAZER E TURISMO','2014-06-24 15:25:04','2014-06-24 15:25:04');
/*!40000 ALTER TABLE `equip_types` ENABLE KEYS */;
UNLOCK TABLES;

--
-- Table structure for table `equipment`
--

DROP TABLE IF EXISTS `equipment`;
/*!40101 SET @saved_cs_client     = @@character_set_client */;
/*!40101 SET character_set_client = utf8 */;
CREATE TABLE `equipment` (
  `id` int(11) NOT NULL AUTO_INCREMENT,
  `created_at` datetime DEFAULT NULL,
  `updated_at` datetime DEFAULT NULL,
  `is_there` tinyint(1) DEFAULT NULL,
  `creation_date` datetime DEFAULT NULL,
  `equip_type_id` int(11) DEFAULT NULL,
  `building_id` varchar(255) COLLATE utf8_unicode_ci DEFAULT NULL,
  `name` varchar(255) COLLATE utf8_unicode_ci DEFAULT NULL,
  `floor` int(11) DEFAULT NULL,
  `id_place` varchar(255) COLLATE utf8_unicode_ci DEFAULT NULL,
  PRIMARY KEY (`id`)
) ENGINE=InnoDB AUTO_INCREMENT=39 DEFAULT CHARSET=utf8 COLLATE=utf8_unicode_ci;
/*!40101 SET character_set_client = @saved_cs_client */;

--
-- Dumping data for table `equipment`
--

LOCK TABLES `equipment` WRITE;
/*!40000 ALTER TABLE `equipment` DISABLE KEYS */;
INSERT INTO `equipment` VALUES (2,'2014-06-24 16:21:26','2014-06-24 16:21:26',1,NULL,8,'243','Elevador',NULL,'0000'),(6,'2014-07-14 15:12:40','2014-07-14 22:13:58',1,NULL,16,'243','Banheiros - Mictórios',NULL,'0000'),(7,'2014-07-14 15:20:27','2014-07-14 22:14:08',1,NULL,15,'243','Banheiros - Lavatório',NULL,'0000'),(8,'2014-07-14 15:42:16','2014-07-14 22:14:16',1,NULL,14,'243','Banheiros - Bacia sanitária',NULL,'0000'),(9,'2014-07-14 15:57:54','2014-07-14 22:14:26',1,NULL,13,'243','Banheiros - Boxe adaptado',NULL,'0000'),(10,'2014-07-14 16:40:45','2014-07-23 13:39:14',1,NULL,7,'243','Escadas - Corredor de acesso principal',NULL,'0000'),(11,'2014-07-14 17:06:04','2014-07-23 13:39:34',1,NULL,7,'243','Escadas - Corredores internos',NULL,'0000'),(12,'2014-07-14 17:48:31','2014-07-23 13:39:53',1,NULL,7,'243','Escada - Acesso aos anfiteatros',0,'0000'),(13,'2014-07-14 18:38:00','2014-07-23 13:40:09',1,NULL,7,'243','Escadas - Espaço dos alunos',1,'0000'),(14,'2014-07-14 18:57:26','2014-09-05 18:07:21',1,NULL,1,'243','Passeio do estacionamento à entrada principal',0,'0000'),(15,'2014-07-14 19:04:42','2014-07-14 22:14:53',1,NULL,2,'243','Bolsão de estacionamento',0,'0000'),(16,'2014-07-14 19:13:55','2014-07-14 22:14:43',1,NULL,3,'243','Entrada principal',0,'0000'),(17,'2014-07-14 19:35:42','2014-07-14 19:35:42',1,NULL,5,'243','Portas - Todas',NULL,'0000'),(18,'2014-07-14 20:06:30','2014-07-14 20:06:30',1,NULL,6,'243','Rampa - Espaço dos estudantes',1,'0000'),(19,'2014-07-14 20:46:57','2014-09-05 18:07:37',1,NULL,6,'243','Rampas - Auditórios',0,'0000'),(20,'2014-07-14 21:03:42','2014-07-14 21:03:42',1,NULL,6,'243','Rampa - Mudança de prédios',0,'0000'),(21,'2014-07-14 22:28:08','2014-07-14 22:28:08',1,NULL,21,'243','Auditórios',0,'0000'),(22,'2014-07-23 13:55:10','2014-07-23 13:55:10',1,NULL,21,'243','Salas de aula',NULL,'0000'),(23,'2014-07-23 14:05:51','2014-07-23 14:05:51',1,NULL,24,'243','Lanchonete',0,'0000'),(24,'2014-07-23 14:27:38','2014-07-23 14:27:38',1,NULL,21,'243','Laboratório de computação',1,'0000'),(25,'2014-09-08 13:04:10','2014-09-08 13:04:10',1,NULL,1,'103','Passeio do ponto de ônibus até a entrada principal',0,'0000'),(26,'2014-09-08 14:37:43','2014-09-08 14:37:43',1,NULL,2,'103','Bolsão de estacionamento',0,'0000'),(27,'2014-09-08 15:59:16','2014-09-08 15:59:16',1,NULL,3,'103','Entrada secundária',0,'0000'),(28,'2014-09-08 16:13:18','2014-09-08 16:13:18',1,NULL,3,'103','Entrada principal',0,'0000'),(29,'2014-09-08 17:24:45','2014-09-08 17:24:45',1,NULL,5,'103','Portas das entradas',0,'0000'),(30,'2014-09-08 18:03:45','2014-09-08 18:21:18',1,NULL,5,'103','Portas das alas de atendimento (A, B, C, D, E, F, G, H)',NULL,'0000'),(31,'2014-09-08 18:35:00','2014-09-08 18:35:00',1,NULL,5,'103','Portas das salas',NULL,'0000'),(32,'2014-09-08 18:54:34','2014-09-08 18:54:34',1,NULL,5,'103','Portas dos banheiros',0,'0000'),(33,'2014-09-08 19:16:59','2014-09-08 19:16:59',1,NULL,6,'103','Rampas da entrada secundária',0,'0000'),(34,'2014-09-08 19:50:05','2014-09-08 19:50:05',1,NULL,7,'103','Escada da entrada secundária',0,'0000'),(35,'2014-09-08 20:03:57','2014-09-08 20:04:53',1,NULL,7,'103','Escada do térreo ao primeiro andar',NULL,'0000'),(36,'2014-09-08 20:20:12','2014-09-08 20:20:12',1,NULL,8,'103','Elevador',NULL,'0000'),(37,'2014-09-08 20:35:00','2014-09-08 20:35:31',1,NULL,14,'103','Banheiros - Bacia sanitária',NULL,'0000'),(38,'2014-09-08 20:46:59','2014-09-08 20:46:59',1,NULL,15,'103','Banheiros - Lavatório',NULL,'0000');
/*!40000 ALTER TABLE `equipment` ENABLE KEYS */;
UNLOCK TABLES;

--
-- Table structure for table `groups`
--

DROP TABLE IF EXISTS `groups`;
/*!40101 SET @saved_cs_client     = @@character_set_client */;
/*!40101 SET character_set_client = utf8 */;
CREATE TABLE `groups` (
  `id` int(11) NOT NULL AUTO_INCREMENT,
  `name` varchar(255) COLLATE utf8_unicode_ci DEFAULT NULL,
  `created_at` datetime DEFAULT NULL,
  `updated_at` datetime DEFAULT NULL,
  `vist_date` date DEFAULT NULL,
  `building_id` varchar(255) COLLATE utf8_unicode_ci DEFAULT NULL,
  PRIMARY KEY (`id`)
) ENGINE=InnoDB AUTO_INCREMENT=3 DEFAULT CHARSET=utf8 COLLATE=utf8_unicode_ci;
/*!40101 SET character_set_client = @saved_cs_client */;

--
-- Dumping data for table `groups`
--

LOCK TABLES `groups` WRITE;
/*!40000 ALTER TABLE `groups` DISABLE KEYS */;
INSERT INTO `groups` VALUES (1,'USPLEGAL.EACH/2014.02','2014-06-24 16:02:56','2014-06-24 16:02:56','2014-02-10','243'),(2,'USPLEGAL.IP-CAP/2013.09','2014-09-08 13:01:10','2014-09-08 13:01:10','2013-09-25','103');
/*!40000 ALTER TABLE `groups` ENABLE KEYS */;
UNLOCK TABLES;

--
-- Table structure for table `inspections`
--

DROP TABLE IF EXISTS `inspections`;
/*!40101 SET @saved_cs_client     = @@character_set_client */;
/*!40101 SET character_set_client = utf8 */;
CREATE TABLE `inspections` (
  `id` int(11) NOT NULL AUTO_INCREMENT,
  `created_at` datetime DEFAULT NULL,
  `updated_at` datetime DEFAULT NULL,
  `photo_url` varchar(255) COLLATE utf8_unicode_ci DEFAULT NULL,
  `user_id` int(11) DEFAULT NULL,
  `equipment_id` int(11) DEFAULT NULL,
  `description` varchar(255) COLLATE utf8_unicode_ci DEFAULT NULL,
  `approved` int(11) DEFAULT NULL,
  `sent` int(11) DEFAULT NULL,
  `group_id` int(11) DEFAULT NULL,
  PRIMARY KEY (`id`)
) ENGINE=InnoDB AUTO_INCREMENT=36 DEFAULT CHARSET=utf8 COLLATE=utf8_unicode_ci;
/*!40101 SET character_set_client = @saved_cs_client */;

--
-- Dumping data for table `inspections`
--

LOCK TABLES `inspections` WRITE;
/*!40000 ALTER TABLE `inspections` DISABLE KEYS */;
INSERT INTO `inspections` VALUES (1,'2014-06-24 16:35:20','2014-06-24 16:35:20','IMG_20140210_143641.jpg',2,2,'Único elevador do prédio',0,NULL,1),(3,'2014-07-14 15:14:00','2014-07-14 15:14:00','IMG_20140210_143142.jpg',2,6,'Banheiros - Mictórios',0,NULL,1),(4,'2014-07-14 15:21:31','2014-07-14 15:21:31','IMG_20140210_141904.jpg',2,7,'Banheiros - Lavatórios',0,NULL,1),(5,'2014-07-14 15:43:30','2014-07-14 15:43:30','IMG_20140210_141955.jpg',2,8,'Banheiros - Bacia Sanitária',0,NULL,1),(6,'2014-07-14 15:59:31','2014-07-14 15:59:31','IMG_20140210_142250.jpg',2,9,'Banheiros - Boxe adaptado',0,NULL,1),(7,'2014-07-14 16:41:29','2014-07-14 16:41:29','IMG_20140210_153026.jpg',2,10,'Escadas no corredor de acesso principal',0,NULL,1),(8,'2014-07-14 17:08:16','2014-07-14 17:08:16','IMG_20140210_144722.jpg',2,11,'Escadas nos corredores internos',0,NULL,1),(9,'2014-07-14 17:49:43','2014-07-14 17:49:43','IMG_20140210_150734.jpg',2,12,'Escada acesso aos anfiteatros',0,NULL,1),(10,'2014-07-14 18:41:56','2014-07-14 18:41:56','IMG_20140210_153418.jpg',2,13,'Escada espaço dos alunos',0,NULL,1),(11,'2014-07-14 18:58:17','2014-07-14 18:58:17','IMG_20140210_141604a__4_.jpg',2,14,'Passeio do estacionamento à entrada principal',0,NULL,1),(12,'2014-07-14 19:05:23','2014-07-14 19:05:23','IMG_20140210_141603.jpg',2,15,'Bolsão de estacionamento',0,NULL,1),(13,'2014-07-14 19:14:46','2014-07-14 19:14:46','IMG_20140210_141821.jpg',2,16,'Entrada principal',0,NULL,1),(14,'2014-07-14 19:37:19','2014-07-14 19:37:19','IMG_20140210_161324.jpg',2,17,'Portas - Todas',0,NULL,1),(15,'2014-07-14 20:06:55','2014-07-14 20:06:55','IMG_20140210_153614.jpg',2,18,'Rampa - Espaço dos estudantes',0,NULL,1),(16,'2014-07-14 20:47:14','2014-07-14 20:47:14','IMG_20140210_150437.jpg',2,19,'Rampa - Auditórios',0,NULL,1),(17,'2014-07-14 21:03:56','2014-07-14 21:03:56','IMG_20140210_150904.jpg',2,20,'Rampa - Mudança de prédios',0,NULL,1),(18,'2014-07-14 22:28:32','2014-07-14 22:28:32','IMG_20140210_150340.jpg',2,21,'Auditórios',0,NULL,1),(19,'2014-07-23 13:56:13','2014-07-23 13:56:13','IMG_20140210_145321.jpg',2,22,'Salas de aula',0,NULL,1),(20,'2014-07-23 14:06:48','2014-07-23 14:06:48','IMG_20140210_150201.jpg',2,23,'Lanchonete',0,NULL,1),(21,'2014-07-23 14:28:07','2014-07-23 14:28:07','IMG_20140210_153128.jpg',2,24,'Laboratório de computação',0,NULL,1),(22,'2014-09-08 13:09:25','2014-09-08 13:09:25',NULL,2,25,'Passeio dos pontos de ônibus até a entrada principal',0,NULL,2),(23,'2014-09-08 14:40:28','2014-09-08 14:40:28',NULL,2,26,'Bolsão de estacionamento',0,NULL,2),(24,'2014-09-08 15:59:35','2014-09-08 15:59:35',NULL,2,27,'Entrada secundária',0,NULL,2),(25,'2014-09-08 16:32:48','2014-09-08 16:32:48',NULL,2,28,'Entrada principal',0,NULL,2),(26,'2014-09-08 17:24:59','2014-09-08 17:24:59',NULL,2,29,'Portas das entradas',0,NULL,2),(27,'2014-09-08 18:08:48','2014-09-08 18:08:48',NULL,2,30,'Portas das alas de atendimento',0,NULL,2),(28,'2014-09-08 18:35:43','2014-09-08 18:35:43',NULL,2,31,'Portas das salas ',0,NULL,2),(29,'2014-09-08 18:54:56','2014-09-08 18:54:56',NULL,2,32,'Portas dos banheiros adaptados',0,NULL,2),(30,'2014-09-08 19:17:25','2014-09-08 19:17:25',NULL,2,33,'Rampas da entrada secundária',0,NULL,2),(31,'2014-09-08 19:50:22','2014-09-08 19:50:22',NULL,2,34,'Escada da entrada secundária',0,NULL,2),(32,'2014-09-08 20:05:12','2014-09-08 20:05:12',NULL,2,35,'Escada do térreo ao primeiro andar',0,NULL,2),(33,'2014-09-08 20:20:32','2014-09-08 20:20:32',NULL,2,36,'Elevador',0,NULL,2),(34,'2014-09-08 20:36:05','2014-09-08 20:36:05',NULL,2,37,'Banheiros - Bacia sanitária',0,NULL,2),(35,'2014-09-08 20:47:18','2014-09-08 20:47:18',NULL,2,38,'Banheiros - Lavatório',0,NULL,2);
/*!40000 ALTER TABLE `inspections` ENABLE KEYS */;
UNLOCK TABLES;

--
-- Table structure for table `schema_migrations`
--

DROP TABLE IF EXISTS `schema_migrations`;
/*!40101 SET @saved_cs_client     = @@character_set_client */;
/*!40101 SET character_set_client = utf8 */;
CREATE TABLE `schema_migrations` (
  `version` varchar(255) COLLATE utf8_unicode_ci NOT NULL,
  UNIQUE KEY `unique_schema_migrations` (`version`)
) ENGINE=InnoDB DEFAULT CHARSET=utf8 COLLATE=utf8_unicode_ci;
/*!40101 SET character_set_client = @saved_cs_client */;

--
-- Dumping data for table `schema_migrations`
--

LOCK TABLES `schema_migrations` WRITE;
/*!40000 ALTER TABLE `schema_migrations` DISABLE KEYS */;
INSERT INTO `schema_migrations` VALUES ('20130920121109'),('20130920121647'),('20130920122735'),('20130920123507'),('20130920124808'),('20130920125309'),('20130920125409'),('20130920130238'),('20130920131237'),('20130920132927'),('20130920133508'),('20130920133622'),('20130921182930'),('20130921184043'),('20130921184728'),('20130921185303'),('20130921190448'),('20130921191218'),('20130925235233'),('20130926015306'),('20130926020119'),('20130926020145'),('20130926020230'),('20130926020306'),('20130926020353'),('20130926020419'),('20130926020502'),('20130926023532'),('20130926024038'),('20130927142058'),('20130927145759'),('20131010002105'),('20131010002711'),('20131018131857'),('20131018133924'),('20131018134658'),('20131025182711'),('20131025183131'),('20131031014119'),('20131031014511'),('20131101002218'),('20131101004354'),('20131108120453'),('20131108120657'),('20131108121133'),('20131108121322'),('20131108121643'),('20131120183330'),('20140204160026'),('20140311155931'),('20140311165229'),('20140312164217'),('20140312164323'),('20140314132226'),('20140409115623'),('20140409155239'),('20140409163307');
/*!40000 ALTER TABLE `schema_migrations` ENABLE KEYS */;
UNLOCK TABLES;

--
-- Table structure for table `uploads`
--

DROP TABLE IF EXISTS `uploads`;
/*!40101 SET @saved_cs_client     = @@character_set_client */;
/*!40101 SET character_set_client = utf8 */;
CREATE TABLE `uploads` (
  `id` int(11) NOT NULL AUTO_INCREMENT,
  `photo_file_name` varchar(255) COLLATE utf8_unicode_ci DEFAULT NULL,
  `photo_content_type` varchar(255) COLLATE utf8_unicode_ci DEFAULT NULL,
  `photo_file_size` int(11) DEFAULT NULL,
  `photo_updated_at` datetime DEFAULT NULL,
  `created_at` datetime DEFAULT NULL,
  `updated_at` datetime DEFAULT NULL,
  `answer_id` int(11) DEFAULT NULL,
  PRIMARY KEY (`id`)
) ENGINE=InnoDB AUTO_INCREMENT=44 DEFAULT CHARSET=utf8 COLLATE=utf8_unicode_ci;
/*!40101 SET character_set_client = @saved_cs_client */;

--
-- Dumping data for table `uploads`
--

LOCK TABLES `uploads` WRITE;
/*!40000 ALTER TABLE `uploads` DISABLE KEYS */;
INSERT INTO `uploads` VALUES (1,'IMG_20140210_143838.jpg','image/jpeg',2884172,'2014-06-24 17:01:35','2014-06-24 17:01:36','2014-06-24 17:01:36',7),(2,'IMG_20140210_161122.jpg','image/jpeg',2134271,'2014-07-14 16:59:06','2014-07-14 16:59:06','2014-07-14 16:59:06',45),(3,'IMG_20140210_144654.jpg','image/jpeg',1826244,'2014-07-14 16:59:06','2014-07-14 16:59:06','2014-07-14 16:59:06',59),(4,'IMG_20140210_150746.jpg','image/jpeg',2825042,'2014-07-14 17:52:05','2014-07-14 17:52:05','2014-07-14 17:52:05',89),(5,'IMG_20140210_141605.jpg','image/jpeg',3043929,'2014-07-14 19:02:00','2014-07-14 19:02:00','2014-07-14 19:02:00',107),(6,'IMG_20140210_141824.jpg','image/jpeg',1725481,'2014-07-14 19:22:43','2014-07-14 19:22:43','2014-07-14 19:22:43',129),(7,'IMG_20140210_151142.jpg','image/jpeg',2190748,'2014-07-14 19:39:13','2014-07-14 19:39:13','2014-07-14 19:39:13',135),(8,'IMG_20140210_143103.jpg','image/jpeg',2089787,'2014-07-14 19:39:13','2014-07-14 19:39:13','2014-07-14 19:39:13',137),(9,'IMG_20140210_144250.jpg','image/jpeg',1825746,'2014-07-14 19:39:13','2014-07-14 19:39:13','2014-07-14 19:39:13',140),(10,'IMG_20140210_153437.jpg','image/jpeg',2963380,'2014-07-14 20:16:40','2014-07-14 20:16:40','2014-07-14 20:16:40',144),(11,'IMG_20140210_150154.jpg','image/jpeg',1857426,'2014-07-23 14:07:44','2014-07-23 14:07:44','2014-07-23 14:07:44',233),(12,'IMG_20140210_152739.jpg','image/jpeg',1811261,'2014-07-23 14:33:12','2014-07-23 14:33:12','2014-07-23 14:33:12',236),(13,'SDC16901.JPG','image/jpeg',2714939,'2014-09-08 14:18:20','2014-09-08 14:18:20','2014-09-08 14:18:20',253),(14,'SDC16909.JPG','image/jpeg',2707049,'2014-09-08 14:18:20','2014-09-08 14:18:20','2014-09-08 14:18:20',254),(15,'SDC16923.JPG','image/jpeg',2691615,'2014-09-08 14:18:20','2014-09-08 14:18:20','2014-09-08 14:18:20',259),(16,'SDC16925.JPG','image/jpeg',2719528,'2014-09-08 14:18:20','2014-09-08 14:18:20','2014-09-08 14:18:20',261),(17,'SDC16945.JPG','image/jpeg',2734752,'2014-09-08 15:53:14','2014-09-08 15:53:14','2014-09-08 15:53:14',263),(18,'SDC16947.JPG','image/jpeg',2743716,'2014-09-08 15:53:14','2014-09-08 15:53:14','2014-09-08 15:53:14',264),(19,'SDC16925.JPG','image/jpeg',2719528,'2014-09-08 15:55:18','2014-09-08 15:55:18','2014-09-08 15:55:18',267),(20,'SDC16939.JPG','image/jpeg',2767158,'2014-09-08 16:11:36','2014-09-08 16:11:36','2014-09-08 16:11:36',270),(21,'SDC16928.JPG','image/jpeg',2728650,'2014-09-08 16:11:36','2014-09-08 16:11:36','2014-09-08 16:11:36',271),(22,'SDC16929.JPG','image/jpeg',2740236,'2014-09-08 16:11:36','2014-09-08 16:11:36','2014-09-08 16:11:36',277),(23,'SDC16948.JPG','image/jpeg',2711722,'2014-09-08 16:48:11','2014-09-08 16:48:11','2014-09-08 16:48:11',280),(24,'SDC16966.JPG','image/jpeg',2763750,'2014-09-08 16:48:11','2014-09-08 16:48:11','2014-09-08 16:48:11',286),(25,'SDC16966.JPG','image/jpeg',2763750,'2014-09-08 18:01:00','2014-09-08 18:01:01','2014-09-08 18:01:01',288),(26,'SDC16969.JPG','image/jpeg',2761925,'2014-09-08 18:01:01','2014-09-08 18:01:01','2014-09-08 18:01:01',289),(27,'SDC16968.JPG','image/jpeg',2697902,'2014-09-08 18:01:01','2014-09-08 18:01:01','2014-09-08 18:01:01',292),(28,'SDC17014.JPG','image/jpeg',2709442,'2014-09-08 18:19:47','2014-09-08 18:19:47','2014-09-08 18:19:47',305),(29,'SDC17034.JPG','image/jpeg',2711108,'2014-09-08 18:23:38','2014-09-08 18:23:38','2014-09-08 18:23:38',302),(30,'SDC17024.JPG','image/jpeg',2721347,'2014-09-08 18:23:38','2014-09-08 18:23:39','2014-09-08 18:23:39',313),(31,'SDC17016.JPG','image/jpeg',2788502,'2014-09-08 18:41:37','2014-09-08 18:41:37','2014-09-08 18:41:37',315),(32,'SDC17026.JPG','image/jpeg',2723527,'2014-09-08 19:00:24','2014-09-08 19:00:24','2014-09-08 19:00:24',328),(33,'SDC17003.JPG','image/jpeg',2628837,'2014-09-08 19:00:24','2014-09-08 19:00:24','2014-09-08 19:00:24',333),(34,'SDC16932.JPG','image/jpeg',2749138,'2014-09-08 19:30:09','2014-09-08 19:30:09','2014-09-08 19:30:09',341),(35,'SDC16931.JPG','image/jpeg',2759052,'2014-09-08 19:30:09','2014-09-08 19:30:09','2014-09-08 19:30:09',343),(36,'SDC16939.JPG','image/jpeg',2767158,'2014-09-08 19:54:42','2014-09-08 19:54:42','2014-09-08 19:54:42',357),(37,'SDC17012.JPG','image/jpeg',2673598,'2014-09-08 20:14:45','2014-09-08 20:14:45','2014-09-08 20:14:45',372),(38,'SDC16988.JPG','image/jpeg',2762685,'2014-09-08 20:14:45','2014-09-08 20:14:45','2014-09-08 20:14:45',374),(39,'SDC17008.JPG','image/jpeg',2720818,'2014-09-08 20:14:45','2014-09-08 20:14:46','2014-09-08 20:14:46',378),(40,'SDC16996.JPG','image/jpeg',2656534,'2014-09-08 20:29:15','2014-09-08 20:29:15','2014-09-08 20:29:15',389),(41,'SDC16999.JPG','image/jpeg',2708091,'2014-09-08 20:29:15','2014-09-08 20:29:15','2014-09-08 20:29:15',394),(42,'SDC17005.JPG','image/jpeg',2689877,'2014-09-08 20:38:44','2014-09-08 20:38:44','2014-09-08 20:38:44',402),(43,'SDC17006.JPG','image/jpeg',2629983,'2014-09-08 20:51:25','2014-09-08 20:51:25','2014-09-08 20:51:25',413);
/*!40000 ALTER TABLE `uploads` ENABLE KEYS */;
UNLOCK TABLES;

--
-- Table structure for table `users`
--

DROP TABLE IF EXISTS `users`;
/*!40101 SET @saved_cs_client     = @@character_set_client */;
/*!40101 SET character_set_client = utf8 */;
CREATE TABLE `users` (
  `id` int(11) NOT NULL AUTO_INCREMENT,
  `nusp` int(11) DEFAULT NULL,
  `cpf` varchar(255) COLLATE utf8_unicode_ci DEFAULT NULL,
  `name` varchar(255) COLLATE utf8_unicode_ci DEFAULT NULL,
  `password` varchar(255) COLLATE utf8_unicode_ci DEFAULT NULL,
  `created_at` datetime DEFAULT NULL,
  `updated_at` datetime DEFAULT NULL,
  `kind` varchar(255) COLLATE utf8_unicode_ci DEFAULT NULL,
  `email` varchar(255) COLLATE utf8_unicode_ci DEFAULT NULL,
  `encrypted_password` varchar(255) COLLATE utf8_unicode_ci NOT NULL DEFAULT '',
  `reset_password_token` varchar(255) COLLATE utf8_unicode_ci DEFAULT NULL,
  `reset_password_sent_at` datetime DEFAULT NULL,
  `remember_created_at` datetime DEFAULT NULL,
  `sign_in_count` int(11) NOT NULL DEFAULT '0',
  `current_sign_in_at` datetime DEFAULT NULL,
  `last_sign_in_at` datetime DEFAULT NULL,
  `current_sign_in_ip` varchar(255) COLLATE utf8_unicode_ci DEFAULT NULL,
  `last_sign_in_ip` varchar(255) COLLATE utf8_unicode_ci DEFAULT NULL,
  PRIMARY KEY (`id`),
  UNIQUE KEY `index_users_on_email` (`email`),
  UNIQUE KEY `index_users_on_reset_password_token` (`reset_password_token`)
) ENGINE=InnoDB AUTO_INCREMENT=4 DEFAULT CHARSET=utf8 COLLATE=utf8_unicode_ci;
/*!40101 SET character_set_client = @saved_cs_client */;

--
-- Dumping data for table `users`
--

LOCK TABLES `users` WRITE;
/*!40000 ALTER TABLE `users` DISABLE KEYS */;
INSERT INTO `users` VALUES (1,52238,NULL,'Lucia Filgueiras',NULL,'2014-06-24 15:05:09','2014-07-14 22:20:47','admin','lufilgueiras@usplegal.br','$2a$10$klugGlu4ek6jGMHRHD8XOutCqLuMiY4Sf4d8DOddsqhTZ.GMy7qfy',NULL,NULL,NULL,7,'2014-07-14 22:20:47','2014-06-25 16:18:16','143.107.81.45','200.144.188.134'),(2,8555101,NULL,'Mariana da Silva Gonçalves',NULL,'2014-06-24 15:08:04','2014-09-08 12:15:06','estag','marisilva@usplegal.br','$2a$10$gLQWdiS8OCQW2BBIc6YslewXOyzqIei8QIYV288DdAnsbEBUZAM4m',NULL,NULL,NULL,13,'2014-09-08 12:15:06','2014-09-05 17:25:12','143.107.81.44','143.107.81.45'),(3,0,'000.000.000-00','Administrador',NULL,'2014-06-24 15:14:33','2014-06-24 15:14:33','admin','admin@usplegal.br','$2a$10$AIBp2nwDa7BAKmLHhXrMAOsMn9U4F3m5gd3f4Wfe4YOVR.PZwZfJ.',NULL,NULL,NULL,0,NULL,NULL,NULL,NULL);
/*!40000 ALTER TABLE `users` ENABLE KEYS */;
UNLOCK TABLES;
/*!40103 SET TIME_ZONE=@OLD_TIME_ZONE */;

/*!40101 SET SQL_MODE=@OLD_SQL_MODE */;
/*!40014 SET FOREIGN_KEY_CHECKS=@OLD_FOREIGN_KEY_CHECKS */;
/*!40014 SET UNIQUE_CHECKS=@OLD_UNIQUE_CHECKS */;
/*!40101 SET CHARACTER_SET_CLIENT=@OLD_CHARACTER_SET_CLIENT */;
/*!40101 SET CHARACTER_SET_RESULTS=@OLD_CHARACTER_SET_RESULTS */;
/*!40101 SET COLLATION_CONNECTION=@OLD_COLLATION_CONNECTION */;
/*!40111 SET SQL_NOTES=@OLD_SQL_NOTES */;

-- Dump completed on 2014-09-17 14:57:50
